Time,generator-3-1_Ï‰
0.0,1.0
1.0e-6,1.0
2.005270215695603e-6,1.0
3.842584598968114e-6,1.0
6.235932475812017e-6,1.0
1.1813814659280492e-5,1.0
1.7391696842748967e-5,1.0
2.551583270156897e-5,1.0
3.685452839058361e-5,1.0
5.980597130110189e-5,1.0
8.275741421162017e-5,1.0
0.00011971320119541089,1.0
0.000173344462513981,1.0
0.0002383560959726821,1.0
0.0003208500888502809,1.0
0.0004208500888502809,1.0
0.0005208500888502809,1.0
0.0006208500888502809,1.0
0.000720850088850281,1.0
0.000820850088850281,1.0
0.000920850088850281,1.0
0.001020850088850281,1.0
0.0011208500888502811,1.0
0.0012208500888502812,1.0
0.0013208500888502812,1.0
0.0014208500888502813,1.0
0.0015208500888502813,1.0
0.0016208500888502814,1.0
0.0017208500888502814,1.0
0.0018208500888502815,1.0
0.0019208500888502815,1.0
0.0020208500888502815,1.0
0.0021208500888502814,1.0
0.002220850088850281,1.0
0.002320850088850281,1.0
0.002420850088850281,1.0
0.0025208500888502807,1.0
0.0026208500888502805,1.0
0.0027208500888502803,1.0
0.00282085008885028,1.0
0.00292085008885028,1.0
0.00302085008885028,1.0
0.0031208500888502797,1.0
0.0032208500888502795,1.0
0.0033208500888502793,1.0
0.003420850088850279,1.0
0.003520850088850279,1.0
0.003620850088850279,1.0
0.0037208500888502786,1.0
0.0038208500888502785,1.0
0.003920850088850279,1.0
0.004020850088850279,1.0
0.004120850088850279,1.0
0.0042208500888502795,1.0
0.00432085008885028,1.0
0.00442085008885028,1.0
0.00452085008885028,1.0
0.0046208500888502806,1.0
0.004720850088850281,1.0
0.004820850088850281,1.0
0.004920850088850281,1.0
0.005020850088850282,1.0
0.005120850088850282,1.0
0.005220850088850282,1.0
0.005320850088850282,1.0
0.005420850088850283,1.0
0.005520850088850283,1.0
0.005620850088850283,1.0
0.0057208500888502834,1.0
0.005820850088850284,1.0
0.005920850088850284,1.0
0.006020850088850284,1.0
0.0061208500888502845,1.0
0.006220850088850285,1.0
0.006320850088850285,1.0
0.006420850088850285,1.0
0.0065208500888502855,1.0
0.006620850088850286,1.0
0.006720850088850286,1.0
0.006820850088850286,1.0
0.006920850088850287,1.0
0.007020850088850287,1.0
0.007120850088850287,1.0
0.007220850088850287,1.0
0.007320850088850288,1.0
0.007420850088850288,1.0
0.007520850088850288,1.0
0.007620850088850288,1.0
0.007720850088850289,1.0
0.007820850088850289,1.0
0.007920850088850288,1.0
0.008020850088850288,1.0
0.008120850088850287,1.0
0.008220850088850287,1.0
0.008320850088850286,1.0
0.008420850088850285,1.0
0.008520850088850285,1.0
0.008620850088850284,1.0
0.008720850088850284,1.0
0.008820850088850283,1.0
0.008920850088850282,1.0
0.009020850088850282,1.0
0.009120850088850281,1.0
0.00922085008885028,1.0
0.00932085008885028,1.0
0.00942085008885028,1.0
0.009520850088850279,1.0
0.009620850088850278,1.0
0.009720850088850277,1.0
0.009820850088850277,1.0
0.009920850088850276,1.0
0.010020850088850276,1.0
0.010120850088850275,1.0
0.010220850088850274,1.0
0.010320850088850274,1.0
0.010420850088850273,1.0
0.010520850088850273,1.0
0.010620850088850272,1.0
0.010720850088850271,1.0
0.01082085008885027,1.0
0.01092085008885027,1.0
0.01102085008885027,1.0
0.011120850088850269,1.0
0.011220850088850268,1.0
0.011320850088850268,1.0
0.011420850088850267,1.0
0.011520850088850267,1.0
0.011620850088850266,1.0
0.011720850088850265,1.0
0.011820850088850265,1.0
0.011920850088850264,1.0
0.012020850088850264,1.0
0.012120850088850263,1.0
0.012220850088850262,1.0
0.012320850088850262,1.0
0.012420850088850261,1.0
0.01252085008885026,1.0
0.01262085008885026,1.0
0.01272085008885026,1.0
0.012820850088850259,1.0
0.012920850088850258,1.0
0.013020850088850257,1.0
0.013120850088850257,1.0
0.013220850088850256,1.0
0.013320850088850256,1.0
0.013420850088850255,1.0
0.013520850088850254,1.0
0.013620850088850254,1.0
0.013720850088850253,1.0
0.013820850088850253,1.0
0.013920850088850252,1.0
0.014020850088850251,1.0
0.01412085008885025,1.0
0.01422085008885025,1.0
0.01432085008885025,1.0
0.014420850088850249,1.0
0.014520850088850248,1.0
0.014620850088850248,1.0
0.014720850088850247,1.0
0.014820850088850247,1.0
0.014920850088850246,1.0
0.015020850088850245,1.0
0.015120850088850245,1.0
0.015220850088850244,1.0
0.015320850088850244,1.0
0.015420850088850243,1.0
0.015520850088850242,1.0
0.015620850088850242,1.0
0.01572085008885024,1.0
0.01582085008885024,1.0
0.01592085008885024,1.0
0.01602085008885024,1.0
0.01612085008885024,1.0
0.016220850088850238,1.0
0.016320850088850238,1.0
0.016420850088850237,1.0
0.016520850088850236,1.0
0.016620850088850236,1.0
0.016720850088850235,1.0
0.016820850088850234,1.0
0.016920850088850234,1.0
0.017020850088850233,1.0
0.017120850088850233,1.0
0.017220850088850232,1.0
0.01732085008885023,1.0
0.01742085008885023,1.0
0.01752085008885023,1.0
0.01762085008885023,1.0
0.01772085008885023,1.0
0.01782085008885023,1.0
0.017920850088850228,1.0
0.018020850088850227,1.0
0.018120850088850227,1.0
0.018220850088850226,1.0
0.018320850088850225,1.0
0.018420850088850225,1.0
0.018520850088850224,1.0
0.018620850088850224,1.0
0.018720850088850223,1.0
0.018820850088850222,1.0
0.018920850088850222,1.0
0.01902085008885022,1.0
0.01912085008885022,1.0
0.01922085008885022,1.0
0.01932085008885022,1.0
0.01942085008885022,1.0
0.019520850088850218,1.0
0.019620850088850218,1.0
0.019720850088850217,1.0
0.019820850088850216,1.0
0.019920850088850216,1.0
0.020020850088850215,1.0
0.020120850088850215,1.0
0.020220850088850214,1.0
0.020320850088850213,1.0
0.020420850088850213,1.0
0.020520850088850212,1.0
0.02062085008885021,1.0
0.02072085008885021,1.0
0.02082085008885021,1.0
0.02092085008885021,1.0
0.02102085008885021,1.0
0.02112085008885021,1.0
0.021220850088850208,1.0
0.021320850088850207,1.0
0.021420850088850207,1.0
0.021520850088850206,1.0
0.021620850088850205,1.0
0.021720850088850205,1.0
0.021820850088850204,1.0
0.021920850088850204,1.0
0.022020850088850203,1.0
0.022120850088850202,1.0
0.022220850088850202,1.0
0.0223208500888502,1.0
0.0224208500888502,1.0
0.0225208500888502,1.0
0.0226208500888502,1.0
0.0227208500888502,1.0
0.022820850088850198,1.0
0.022920850088850198,1.0
0.023020850088850197,1.0
0.023120850088850196,1.0
0.023220850088850196,1.0
0.023320850088850195,1.0
0.023420850088850195,1.0
0.023520850088850194,1.0
0.023620850088850193,1.0
0.023720850088850193,1.0
0.023820850088850192,1.0
0.02392085008885019,1.0
0.02402085008885019,1.0
0.02412085008885019,1.0
0.02422085008885019,1.0
0.02432085008885019,1.0
0.02442085008885019,1.0
0.024520850088850188,1.0
0.024620850088850187,1.0
0.024720850088850187,1.0
0.024820850088850186,1.0
0.024920850088850185,1.0
0.025020850088850185,1.0
0.025120850088850184,1.0
0.025220850088850184,1.0
0.025320850088850183,1.0
0.025420850088850182,1.0
0.025520850088850182,1.0
0.02562085008885018,1.0
0.02572085008885018,1.0
0.02582085008885018,1.0
0.02592085008885018,1.0
0.02602085008885018,1.0
0.026120850088850178,1.0
0.026220850088850178,1.0
0.026320850088850177,1.0
0.026420850088850176,1.0
0.026520850088850176,1.0
0.026620850088850175,1.0
0.026720850088850175,1.0
0.026820850088850174,1.0
0.026920850088850173,1.0
0.027020850088850173,1.0
0.027120850088850172,1.0
0.02722085008885017,1.0
0.02732085008885017,1.0
0.02742085008885017,1.0
0.02752085008885017,1.0
0.02762085008885017,1.0
0.02772085008885017,1.0
0.027820850088850168,1.0
0.027920850088850167,1.0
0.028020850088850167,1.0
0.028120850088850166,1.0
0.028220850088850166,1.0
0.028320850088850165,1.0
0.028420850088850164,1.0
0.028520850088850164,1.0
0.028620850088850163,1.0
0.028720850088850162,1.0
0.028820850088850162,1.0
0.02892085008885016,1.0
0.02902085008885016,1.0
0.02912085008885016,1.0
0.02922085008885016,1.0
0.02932085008885016,1.0
0.029420850088850158,1.0
0.029520850088850158,1.0
0.029620850088850157,1.0
0.029720850088850156,1.0
0.029820850088850156,1.0
0.029920850088850155,1.0
0.030020850088850155,1.0
0.030120850088850154,1.0
0.030220850088850153,1.0
0.030320850088850153,1.0
0.030420850088850152,1.0
0.03052085008885015,1.0
0.03062085008885015,1.0
0.03072085008885015,1.0
0.03082085008885015,1.0
0.03092085008885015,1.0
0.03102085008885015,1.0
0.031120850088850148,1.0
0.031220850088850147,1.0
0.03132085008885015,1.0
0.03142085008885015,1.0
0.03152085008885015,1.0
0.031620850088850155,1.0
0.03172085008885016,1.0
0.03182085008885016,1.0
0.031920850088850164,1.0
0.03202085008885017,1.0
0.03212085008885017,1.0
0.03222085008885017,1.0
0.032320850088850175,1.0
0.03242085008885018,1.0
0.03252085008885018,1.0
0.032620850088850184,1.0
0.03272085008885019,1.0
0.03282085008885019,1.0
0.03292085008885019,1.0
0.033020850088850195,1.0
0.0331208500888502,1.0
0.0332208500888502,1.0
0.033320850088850204,1.0
0.03342085008885021,1.0
0.03352085008885021,1.0
0.03362085008885021,1.0
0.033720850088850216,1.0
0.03382085008885022,1.0
0.03392085008885022,1.0
0.034020850088850224,1.0
0.03412085008885023,1.0
0.03422085008885023,1.0
0.03432085008885023,1.0
0.034420850088850236,1.0
0.03452085008885024,1.0
0.03462085008885024,1.0
0.034720850088850244,1.0
0.03482085008885025,1.0
0.03492085008885025,1.0
0.03502085008885025,1.0
0.035120850088850256,1.0
0.03522085008885026,1.0
0.03532085008885026,1.0
0.035420850088850264,1.0
0.03552085008885027,1.0
0.03562085008885027,1.0
0.03572085008885027,1.0
0.035820850088850276,1.0
0.03592085008885028,1.0
0.03602085008885028,1.0
0.036120850088850284,1.0
0.03622085008885029,1.0
0.03632085008885029,1.0
0.03642085008885029,1.0
0.036520850088850296,1.0
0.0366208500888503,1.0
0.0367208500888503,1.0
0.036820850088850304,1.0
0.03692085008885031,1.0
0.03702085008885031,1.0
0.03712085008885031,1.0
0.037220850088850316,1.0
0.03732085008885032,1.0
0.03742085008885032,1.0
0.037520850088850324,1.0
0.03762085008885033,1.0
0.03772085008885033,1.0
0.03782085008885033,1.0
0.037920850088850336,1.0
0.03802085008885034,1.0
0.03812085008885034,1.0
0.038220850088850344,1.0
0.03832085008885035,1.0
0.03842085008885035,1.0
0.03852085008885035,1.0
0.038620850088850356,1.0
0.03872085008885036,1.0
0.03882085008885036,1.0
0.038920850088850364,1.0
0.03902085008885037,1.0
0.03912085008885037,1.0
0.03922085008885037,1.0
0.039320850088850376,1.0
0.03942085008885038,1.0
0.03952085008885038,1.0
0.039620850088850385,1.0
0.03972085008885039,1.0
0.03982085008885039,1.0
0.03992085008885039,1.0
0.040020850088850396,1.0
0.0401208500888504,1.0
0.0402208500888504,1.0
0.040320850088850405,1.0
0.04042085008885041,1.0
0.04052085008885041,1.0
0.04062085008885041,1.0
0.040720850088850416,1.0
0.04082085008885042,1.0
0.04092085008885042,1.0
0.041020850088850425,1.0
0.04112085008885043,1.0
0.04122085008885043,1.0
0.04132085008885043,1.0
0.041420850088850436,1.0
0.04152085008885044,1.0
0.04162085008885044,1.0
0.041720850088850445,1.0
0.04182085008885045,1.0
0.04192085008885045,1.0
0.04202085008885045,1.0
0.042120850088850456,1.0
0.04222085008885046,1.0
0.04232085008885046,1.0
0.042420850088850465,1.0
0.04252085008885047,1.0
0.04262085008885047,1.0
0.04272085008885047,1.0
0.042820850088850476,1.0
0.04292085008885048,1.0
0.04302085008885048,1.0
0.043120850088850485,1.0
0.04322085008885049,1.0
0.04332085008885049,1.0
0.04342085008885049,1.0
0.043520850088850496,1.0
0.0436208500888505,1.0
0.0437208500888505,1.0
0.043820850088850505,1.0
0.04392085008885051,1.0
0.04402085008885051,1.0
0.04412085008885051,1.0
0.044220850088850516,1.0
0.04432085008885052,1.0
0.04442085008885052,1.0
0.044520850088850525,1.0
0.04462085008885053,1.0
0.04472085008885053,1.0
0.04482085008885053,1.0
0.044920850088850536,1.0
0.04502085008885054,1.0
0.04512085008885054,1.0
0.045220850088850545,1.0
0.04532085008885055,1.0
0.04542085008885055,1.0
0.045520850088850554,1.0
0.045620850088850556,1.0
0.04572085008885056,1.0
0.04582085008885056,1.0
0.045920850088850565,1.0
0.04602085008885057,1.0
0.04612085008885057,1.0
0.046220850088850574,1.0
0.046320850088850576,1.0
0.04642085008885058,1.0
0.04652085008885058,1.0
0.046620850088850585,1.0
0.04672085008885059,1.0
0.04682085008885059,1.0
0.046920850088850594,1.0
0.047020850088850596,1.0
0.0471208500888506,1.0
0.0472208500888506,1.0
0.047320850088850605,1.0
0.04742085008885061,1.0
0.04752085008885061,1.0
0.047620850088850614,1.0
0.047720850088850617,1.0
0.04782085008885062,1.0
0.04792085008885062,1.0
0.048020850088850625,1.0
0.04812085008885063,1.0
0.04822085008885063,1.0
0.048320850088850634,1.0
0.04842085008885064,1.0
0.04852085008885064,1.0
0.04862085008885064,1.0
0.048720850088850645,1.0
0.04882085008885065,1.0
0.04892085008885065,1.0
0.049020850088850654,1.0
0.04912085008885066,1.0
0.04922085008885066,1.0
0.04932085008885066,1.0
0.049420850088850665,1.0
0.04952085008885067,1.0
0.04962085008885067,1.0
0.049720850088850674,1.0
0.04982085008885068,1.0
0.04992085008885068,1.0
0.05002085008885068,1.0
0.050120850088850685,1.0
0.05022085008885069,1.0
0.05032085008885069,1.0
0.050420850088850694,1.0
0.0505208500888507,1.0
0.0506208500888507,1.0
0.0507208500888507,1.0
0.050820850088850705,1.0
0.05092085008885071,1.0
0.05102085008885071,1.0
0.051120850088850714,1.0
0.051203366984340935,1.0
0.05130336698434094,1.0
0.05140336698434094,1.0
0.051503366984340944,1.0
0.05160336698434095,1.0
0.05170336698434095,1.0
0.05180336698434095,1.0
0.051903366984340955,1.0
0.05200336698434096,1.0
0.05210336698434096,1.0
0.052203366984340964,1.0
0.05230336698434097,1.0
0.05240336698434097,1.0
0.05250336698434097,1.0
0.052603366984340975,1.0
0.05270336698434098,1.0
0.05280336698434098,1.0
0.052903366984340984,1.0
0.05300336698434099,1.0
0.05310336698434099,1.0
0.05320336698434099,1.0
0.053303366984340995,1.0
0.053403366984341,1.0
0.053503366984341,1.0
0.053603366984341004,1.0
0.05370336698434101,1.0
0.05380336698434101,1.0
0.05390336698434101,1.0
0.054003366984341016,1.0
0.05410336698434102,1.0
0.05420336698434102,1.0
0.054303366984341024,1.0
0.05440336698434103,1.0
0.05450336698434103,1.0
0.05460336698434103,1.0
0.054703366984341036,1.0
0.05480336698434104,1.0
0.05490336698434104,1.0
0.055003366984341044,1.0
0.05510336698434105,1.0
0.05520336698434105,1.0
0.05530336698434105,1.0
0.055403366984341056,1.0
0.05550336698434106,1.0
0.05560336698434106,1.0
0.055703366984341064,1.0
0.05580336698434107,1.0
0.05590336698434107,1.0
0.05600336698434107,1.0
0.056103366984341076,1.0
0.05620336698434108,1.0
0.05630336698434108,1.0
0.056403366984341084,1.0
0.05650336698434109,1.0
0.05660336698434109,1.0
0.05670336698434109,1.0
0.056803366984341096,1.0
0.0569033669843411,1.0
0.0570033669843411,1.0
0.057103366984341104,1.0
0.05720336698434111,1.0
0.05730336698434111,1.0
0.05740336698434111,1.0
0.057503366984341116,1.0
0.05760336698434112,1.0
0.05770336698434112,1.0
0.057803366984341124,1.0
0.05790336698434113,1.0
0.05800336698434113,1.0
0.05810336698434113,1.0
0.058203366984341136,1.0
0.05830336698434114,1.0
0.05840336698434114,1.0
0.058503366984341144,1.0
0.05860336698434115,1.0
0.05870336698434115,1.0
0.05880336698434115,1.0
0.058903366984341156,1.0
0.05900336698434116,1.0
0.05910336698434116,1.0
0.059203366984341164,1.0
0.05930336698434117,1.0
0.05940336698434117,1.0
0.05950336698434117,1.0
0.059603366984341176,1.0
0.05970336698434118,1.0
0.05980336698434118,1.0
0.059903366984341185,1.0
0.06000336698434119,1.0
0.06010336698434119,1.0
0.06020336698434119,1.0
0.060303366984341196,1.0
0.0604033669843412,1.0
0.0605033669843412,1.0
0.060603366984341205,1.0
0.06070336698434121,1.0
0.06080336698434121,1.0
0.06090336698434121,1.0
0.061003366984341216,1.0
0.06110336698434122,1.0
0.06120336698434122,1.0
0.061303366984341225,1.0
0.06140336698434123,1.0
0.06150336698434123,1.0
0.06160336698434123,1.0
0.061703366984341236,1.0
0.06180336698434124,1.0
0.06190336698434124,1.0
0.062003366984341245,1.0
0.06210336698434125,1.0
0.06220336698434125,1.0
0.06230336698434125,1.0
0.062403366984341256,1.0
0.06250336698434125,1.0
0.06260336698434125,1.0
0.06270336698434126,1.0
0.06280336698434126,1.0
0.06290336698434126,1.0
0.06300336698434127,1.0
0.06310336698434127,1.0
0.06320336698434127,1.0
0.06330336698434127,1.0
0.06340336698434128,1.0
0.06350336698434128,1.0
0.06360336698434128,1.0
0.06370336698434129,1.0
0.06380336698434129,1.0
0.06390336698434129,1.0
0.0640033669843413,1.0
0.0641033669843413,1.0
0.0642033669843413,1.0
0.0643033669843413,1.0
0.0644033669843413,1.0
0.06450336698434131,1.0
0.06460336698434131,1.0
0.06470336698434132,1.0
0.06480336698434132,1.0
0.06490336698434132,1.0
0.06500336698434132,1.0
0.06510336698434133,1.0
0.06520336698434133,1.0
0.06530336698434133,1.0
0.06540336698434134,1.0
0.06550336698434134,1.0
0.06560336698434134,1.0
0.06570336698434134,1.0
0.06580336698434135,1.0
0.06590336698434135,1.0
0.06600336698434135,1.0
0.06610336698434136,1.0
0.06620336698434136,1.0
0.06630336698434136,1.0
0.06640336698434136,1.0
0.06650336698434137,1.0
0.06660336698434137,1.0
0.06670336698434137,1.0
0.06680336698434138,1.0
0.06690336698434138,1.0
0.06700336698434138,1.0
0.06710336698434138,1.0
0.06720336698434139,1.0
0.06730336698434139,1.0
0.06740336698434139,1.0
0.0675033669843414,1.0
0.0676033669843414,1.0
0.0677033669843414,1.0
0.0678033669843414,1.0
0.0679033669843414,1.0
0.06800336698434141,1.0
0.06810336698434141,1.0
0.06820336698434142,1.0
0.06830336698434142,1.0
0.06840336698434142,1.0
0.06850336698434142,1.0
0.06860336698434143,1.0
0.06870336698434143,1.0
0.06880336698434143,1.0
0.06890336698434144,1.0
0.06900336698434144,1.0
0.06910336698434144,1.0
0.06920336698434144,1.0
0.06930336698434145,1.0
0.06940336698434145,1.0
0.06950336698434145,1.0
0.06960336698434146,1.0
0.06970336698434146,1.0
0.06980336698434146,1.0
0.06990336698434146,1.0
0.07000336698434147,1.0
0.07010336698434147,1.0
0.07020336698434147,1.0
0.07030336698434148,1.0
0.07040336698434148,1.0
0.07050336698434148,1.0
0.07060336698434148,1.0
0.07070336698434149,1.0
0.07080336698434149,1.0
0.07090336698434149,1.0
0.0710033669843415,1.0
0.0711033669843415,1.0
0.0712033669843415,1.0
0.0713033669843415,1.0
0.07140336698434151,1.0
0.07150336698434151,1.0
0.07160336698434151,1.0
0.07170336698434152,1.0
0.07180336698434152,1.0
0.07190336698434152,1.0
0.07200336698434152,1.0
0.07210336698434153,1.0
0.07220336698434153,1.0
0.07230336698434153,1.0
0.07240336698434154,1.0
0.07250336698434154,1.0
0.07260336698434154,1.0
0.07270336698434154,1.0
0.07280336698434155,1.0
0.07290336698434155,1.0
0.07300336698434155,1.0
0.07310336698434156,1.0
0.07320336698434156,1.0
0.07330336698434156,1.0
0.07340336698434156,1.0
0.07350336698434157,1.0
0.07360336698434157,1.0
0.07370336698434157,1.0
0.07380336698434158,1.0
0.07390336698434158,1.0
0.07400336698434158,1.0
0.07410336698434158,1.0
0.07420336698434159,1.0
0.07430336698434159,1.0
0.07440336698434159,1.0
0.0745033669843416,1.0
0.0746033669843416,1.0
0.0747033669843416,1.0
0.0748033669843416,1.0
0.07490336698434161,1.0
0.07500336698434161,1.0
0.07510336698434161,1.0
0.07520336698434162,1.0
0.07530336698434162,1.0
0.07540336698434162,1.0
0.07550336698434162,1.0
0.07560336698434163,1.0
0.07570336698434163,1.0
0.07580336698434163,1.0
0.07590336698434164,1.0
0.07600336698434164,1.0
0.07610336698434164,1.0
0.07620336698434164,1.0
0.07630336698434165,1.0
0.07640336698434165,1.0
0.07650336698434165,1.0
0.07660336698434166,1.0
0.07670336698434166,1.0
0.07680336698434166,1.0
0.07690336698434166,1.0
0.07700336698434167,1.0
0.07710336698434167,1.0
0.07720336698434167,1.0
0.07730336698434168,1.0
0.07740336698434168,1.0
0.07750336698434168,1.0
0.07760336698434168,1.0
0.07770336698434169,1.0
0.07780336698434169,1.0
0.0779033669843417,1.0
0.0780033669843417,1.0
0.0781033669843417,1.0
0.0782033669843417,1.0
0.0783033669843417,1.0
0.07840336698434171,1.0
0.07850336698434171,1.0
0.07860336698434171,1.0
0.07870336698434172,1.0
0.07880336698434172,1.0
0.07890336698434172,1.0
0.07900336698434172,1.0
0.07910336698434173,1.0
0.07920336698434173,1.0
0.07930336698434173,1.0
0.07940336698434174,1.0
0.07950336698434174,1.0
0.07960336698434174,1.0
0.07970336698434174,1.0
0.07980336698434175,1.0
0.07990336698434175,1.0
0.08000336698434175,1.0
0.08010336698434176,1.0
0.08020336698434176,1.0
0.08030336698434176,1.0
0.08040336698434176,1.0
0.08050336698434177,1.0
0.08060336698434177,1.0
0.08070336698434177,1.0
0.08080336698434178,1.0
0.08090336698434178,1.0
0.08100336698434178,1.0
0.08110336698434178,1.0
0.08120336698434179,1.0
0.08130336698434179,1.0
0.0814033669843418,1.0
0.0815033669843418,1.0
0.0816033669843418,1.0
0.0817033669843418,1.0
0.0818033669843418,1.0
0.08190336698434181,1.0
0.08200336698434181,1.0
0.08210336698434181,1.0
0.08220336698434182,1.0
0.08230336698434182,1.0
0.08240336698434182,1.0
0.08250336698434182,1.0
0.08260336698434183,1.0
0.08270336698434183,1.0
0.08280336698434183,1.0
0.08290336698434184,1.0
0.08300336698434184,1.0
0.08310336698434184,1.0
0.08320336698434184,1.0
0.08330336698434185,1.0
0.08340336698434185,1.0
0.08350336698434185,1.0
0.08360336698434186,1.0
0.08370336698434186,1.0
0.08380336698434186,1.0
0.08390336698434187,1.0
0.08400336698434187,1.0
0.08410336698434187,1.0
0.08420336698434187,1.0
0.08430336698434188,1.0
0.08440336698434188,1.0
0.08450336698434188,1.0
0.08460336698434189,1.0
0.08470336698434189,1.0
0.08480336698434189,1.0
0.0849033669843419,1.0
0.0850033669843419,1.0
0.0851033669843419,1.0
0.0852033669843419,1.0
0.0853033669843419,1.0
0.08540336698434191,1.0
0.08550336698434191,1.0
0.08560336698434191,1.0
0.08570336698434192,1.0
0.08580336698434192,1.0
0.08590336698434192,1.0
0.08600336698434193,1.0
0.08610336698434193,1.0
0.08620336698434193,1.0
0.08630336698434193,1.0
0.08640336698434194,1.0
0.08650336698434194,1.0
0.08660336698434194,1.0
0.08670336698434195,1.0
0.08680336698434195,1.0
0.08690336698434195,1.0
0.08700336698434195,1.0
0.08710336698434196,1.0
0.08720336698434196,1.0
0.08730336698434196,1.0
0.08740336698434197,1.0
0.08750336698434197,1.0
0.08760336698434197,1.0
0.08770336698434197,1.0
0.08780336698434198,1.0
0.08790336698434198,1.0
0.08800336698434198,1.0
0.08810336698434199,1.0
0.08820336698434199,1.0
0.08827772310476473,1.0
0.08837772310476473,1.0
0.08847772310476473,1.0
0.08857772310476474,1.0
0.08867772310476474,1.0
0.08877772310476474,1.0
0.08887772310476474,1.0
0.08897772310476475,1.0
0.08907772310476475,1.0
0.08917772310476475,1.0
0.08927772310476476,1.0
0.08937772310476476,1.0
0.08947772310476476,1.0
0.08957772310476476,1.0
0.08967772310476477,1.0
0.08977772310476477,1.0
0.08987772310476477,1.0
0.08997772310476478,1.0
0.09007772310476478,1.0
0.09017772310476478,1.0
0.09027772310476478,1.0
0.09037772310476479,1.0
0.09047772310476479,1.0
0.09057772310476479,1.0
0.0906777231047648,1.0
0.0907777231047648,1.0
0.0908777231047648,1.0
0.0909777231047648,1.0
0.09107772310476481,1.0
0.09117772310476481,1.0
0.09127772310476481,1.0
0.09137772310476482,1.0
0.09147772310476482,1.0
0.09157772310476482,1.0
0.09167772310476482,1.0
0.09177772310476483,1.0
0.09187772310476483,1.0
0.09197772310476483,1.0
0.09207772310476484,1.0
0.09217772310476484,1.0
0.09227772310476484,1.0
0.09237772310476484,1.0
0.09247772310476485,1.0
0.09254850525401537,1.0
0.09264850525401537,1.0
0.09274850525401537,1.0
0.09284850525401538,1.0
0.09294850525401538,1.0
0.09304850525401538,1.0
0.09314850525401538,1.0
0.09324850525401539,1.0
0.09334850525401539,1.0
0.0934485052540154,1.0
0.0935485052540154,1.0
0.0936485052540154,1.0
0.0937485052540154,1.0
0.0938485052540154,1.0
0.09394850525401541,1.0
0.09404850525401541,1.0
0.09414850525401541,1.0
0.09424850525401542,1.0
0.09434850525401542,1.0
0.09444850525401542,1.0
0.09454850525401542,1.0
0.09464850525401543,1.0
0.09474850525401543,1.0
0.09484850525401543,1.0
0.09494850525401544,1.0
0.09504850525401544,1.0
0.09514850525401544,1.0
0.09524850525401544,1.0
0.09534850525401545,1.0
0.09544850525401545,1.0
0.09554850525401545,1.0
0.09564850525401546,1.0
0.09574850525401546,1.0
0.09584850525401546,1.0
0.09594850525401546,1.0
0.09604850525401547,1.0
0.09614850525401547,1.0
0.09624850525401547,1.0
0.09634850525401548,1.0
0.09644850525401548,1.0
0.09654850525401548,1.0
0.09664850525401548,1.0
0.09674850525401549,1.0
0.09684850525401549,1.0
0.0969485052540155,1.0
0.0970485052540155,1.0
0.0971485052540155,1.0
0.0972485052540155,1.0
0.0973485052540155,1.0
0.09744850525401551,1.0
0.09754850525401551,1.0
0.09764850525401551,1.0
0.09774850525401552,1.0
0.09784850525401552,1.0
0.09794850525401552,1.0
0.09804850525401552,1.0
0.09814850525401553,1.0
0.09824850525401553,1.0
0.09834850525401553,1.0
0.09844850525401554,1.0
0.09854850525401554,1.0
0.09864850525401554,1.0
0.09874850525401555,1.0
0.09884850525401555,1.0
0.09894850525401555,1.0
0.09904850525401555,1.0
0.09914850525401556,1.0
0.09924850525401556,1.0
0.09934850525401556,1.0
0.09944850525401557,1.0
0.09954850525401557,1.0
0.09964850525401557,1.0
0.09974850525401557,1.0
0.09984850525401558,1.0
0.09994850525401558,1.0
0.10004850525401558,1.0
0.10014850525401559,1.0
0.10024850525401559,1.0
0.10034850525401559,1.0
0.1004485052540156,1.0
0.1005485052540156,1.0
0.1006485052540156,1.0
0.1007485052540156,1.0
0.1008485052540156,1.0
0.10094850525401561,1.0
0.10104850525401561,1.0
0.10114850525401561,1.0
0.10124850525401562,1.0
0.10134850525401562,1.0
0.10144850525401562,1.0
0.10154850525401563,1.0
0.10164850525401563,1.0
0.10174850525401563,1.0
0.10184850525401563,1.0
0.10194850525401564,1.0
0.10204850525401564,1.0
0.10214850525401564,1.0
0.10224850525401565,1.0
0.10234850525401565,1.0
0.10244850525401565,1.0
0.10254850525401565,1.0
0.10264850525401566,1.0
0.10274850525401566,1.0
0.10284850525401566,1.0
0.10294850525401567,1.0
0.10304850525401567,1.0
0.10314850525401567,1.0
0.10324850525401567,1.0
0.10334850525401568,1.0
0.10344850525401568,1.0
0.10354850525401568,1.0
0.10364850525401569,1.0
0.10374850525401569,1.0
0.10384850525401569,1.0
0.1039485052540157,1.0
0.1040485052540157,1.0
0.1041485052540157,1.0
0.1042485052540157,1.0
0.1043485052540157,1.0
0.10444850525401571,1.0
0.10454850525401571,1.0
0.10464850525401571,1.0
0.10474850525401572,1.0
0.10484850525401572,1.0
0.10494850525401572,1.0
0.10504850525401573,1.0
0.10514850525401573,1.0
0.10524850525401573,1.0
0.10534850525401573,1.0
0.10544850525401574,1.0
0.10554850525401574,1.0
0.10564850525401574,1.0
0.10574850525401575,1.0
0.10584850525401575,1.0
0.10594850525401575,1.0
0.10604850525401575,1.0
0.10614850525401576,1.0
0.10624850525401576,1.0
0.10634850525401576,1.0
0.10644850525401577,1.0
0.10654850525401577,1.0
0.10664850525401577,1.0
0.10674850525401577,1.0
0.10684850525401578,1.0
0.10694850525401578,1.0
0.10704850525401578,1.0
0.10714850525401579,1.0
0.10724850525401579,1.0
0.10734850525401579,1.0
0.1074485052540158,1.0
0.1075485052540158,1.0
0.1076485052540158,1.0
0.1077485052540158,1.0
0.1078485052540158,1.0
0.10794850525401581,1.0
0.10804850525401581,1.0
0.10814850525401581,1.0
0.10824850525401582,1.0
0.10834850525401582,1.0
0.10844850525401582,1.0
0.10854850525401583,1.0
0.10864850525401583,1.0
0.10874850525401583,1.0
0.10884850525401583,1.0
0.10894850525401584,1.0
0.10904850525401584,1.0
0.10914850525401584,1.0
0.10924850525401585,1.0
0.10934850525401585,1.0
0.10944850525401585,1.0
0.10954850525401585,1.0
0.10964850525401586,1.0
0.10974850525401586,1.0
0.10984850525401586,1.0
0.10994850525401587,1.0
0.11004850525401587,1.0
0.11014850525401587,1.0
0.11024850525401587,1.0
0.11034850525401588,1.0
0.11044850525401588,1.0
0.11054850525401588,1.0
0.11064850525401589,1.0
0.11074850525401589,1.0
0.11084850525401589,1.0
0.1109485052540159,1.0
0.1110485052540159,1.0
0.1111485052540159,1.0
0.1112485052540159,1.0
0.1113485052540159,1.0
0.11144850525401591,1.0
0.11154850525401591,1.0
0.11164850525401591,1.0
0.11174850525401592,1.0
0.11184850525401592,1.0
0.11194850525401592,1.0
0.11204850525401593,1.0
0.11214850525401593,1.0
0.11224850525401593,1.0
0.11234850525401593,1.0
0.11244850525401594,1.0
0.11254850525401594,1.0
0.11264850525401594,1.0
0.11274850525401595,1.0
0.11284850525401595,1.0
0.11294850525401595,1.0
0.11304850525401595,1.0
0.11314850525401596,1.0
0.11324850525401596,1.0
0.11334850525401596,1.0
0.11344850525401597,1.0
0.11354850525401597,1.0
0.11364850525401597,1.0
0.11374850525401597,1.0
0.11384850525401598,1.0
0.11394850525401598,1.0
0.11404850525401598,1.0
0.11414850525401599,1.0
0.11424850525401599,1.0
0.11434850525401599,1.0
0.114448505254016,1.0
0.114548505254016,1.0
0.114648505254016,1.0
0.114748505254016,1.0
0.114848505254016,1.0
0.11494850525401601,1.0
0.11504850525401601,1.0
0.11514850525401601,1.0
0.11524850525401602,1.0
0.11534850525401602,1.0
0.11544850525401602,1.0
0.11554850525401603,1.0
0.11564850525401603,1.0
0.11574850525401603,1.0
0.11584850525401603,1.0
0.11594850525401604,1.0
0.11604850525401604,1.0
0.11614850525401604,1.0
0.11624850525401605,1.0
0.11634850525401605,1.0
0.11644850525401605,1.0
0.11654850525401605,1.0
0.11664850525401606,1.0
0.11674850525401606,1.0
0.11684850525401606,1.0
0.11694850525401607,1.0
0.11704850525401607,1.0
0.11714850525401607,1.0
0.11724850525401607,1.0
0.11734850525401608,1.0
0.11744850525401608,1.0
0.11754850525401608,1.0
0.11764850525401609,1.0
0.11774850525401609,1.0
0.11784850525401609,1.0
0.1179485052540161,1.0
0.1180485052540161,1.0
0.1181485052540161,1.0
0.1182485052540161,1.0
0.1183485052540161,1.0
0.11844850525401611,1.0
0.11854850525401611,1.0
0.11864850525401612,1.0
0.11874850525401612,1.0
0.11884850525401612,1.0
0.11894850525401612,1.0
0.11904850525401613,1.0
0.11914850525401613,1.0
0.11924850525401613,1.0
0.11934850525401614,1.0
0.11944850525401614,1.0
0.11954850525401614,1.0
0.11964850525401614,1.0
0.11974850525401615,1.0
0.11984850525401615,1.0
0.11994850525401615,1.0
0.12004850525401616,1.0
0.12014850525401616,1.0
0.12024850525401616,1.0
0.12034850525401616,1.0
0.12044850525401617,1.0
0.12054850525401617,1.0
0.12064850525401617,1.0
0.12074850525401618,1.0
0.12084850525401618,1.0
0.12094850525401618,1.0
0.12104850525401618,1.0
0.12114850525401619,1.0
0.12124850525401619,1.0
0.12134850525401619,1.0
0.1214485052540162,1.0
0.1215485052540162,1.0
0.1216485052540162,1.0
0.1217485052540162,1.0
0.1218485052540162,1.0
0.12194850525401621,1.0
0.12204850525401621,1.0
0.12214850525401622,1.0
0.12224850525401622,1.0
0.12234850525401622,1.0
0.12244850525401622,1.0
0.12254850525401623,1.0
0.12264850525401623,1.0
0.12274850525401623,1.0
0.12284850525401624,1.0
0.12294850525401624,1.0
0.12304850525401624,1.0
0.12314850525401624,1.0
0.12324850525401625,1.0
0.12334850525401625,1.0
0.12344850525401625,1.0
0.12354850525401626,1.0
0.12364850525401626,1.0
0.12374850525401626,1.0
0.12384850525401626,1.0
0.12394850525401627,1.0
0.12404850525401627,1.0
0.12414850525401627,1.0
0.12424850525401628,1.0
0.12434850525401628,1.0
0.12444850525401628,1.0
0.12454850525401628,1.0
0.12464850525401629,1.0
0.12474850525401629,1.0
0.12484850525401629,1.0
0.1249485052540163,1.0
0.12504850525401628,1.0
0.12514850525401627,1.0
0.12524850525401626,1.0
0.12534850525401625,1.0
0.12544850525401624,1.0
0.12554850525401623,1.0
0.12564850525401622,1.0
0.1257485052540162,1.0
0.1258485052540162,1.0
0.12594850525401619,1.0
0.12604850525401617,1.0
0.12614850525401616,1.0
0.12624850525401615,1.0
0.1263308467359027,1.0
0.12643084673590269,1.0
0.12653084673590267,1.0
0.12663084673590266,1.0
0.12673084673590265,1.0
0.12683084673590264,1.0
0.12693084673590263,1.0
0.12703084673590262,1.0
0.1271308467359026,1.0
0.1272308467359026,1.0
0.1273308467359026,1.0
0.12743084673590258,1.0
0.12753084673590256,1.0
0.12763084673590255,1.0
0.12773084673590254,1.0
0.12783084673590253,1.0
0.12793084673590252,1.0
0.1280308467359025,1.0
0.1281308467359025,1.0
0.1282308467359025,1.0
0.12833084673590248,1.0
0.12843084673590247,1.0
0.12853084673590245,1.0
0.12863084673590244,1.0
0.12873084673590243,1.0
0.12883084673590242,1.0
0.1289308467359024,1.0
0.1290308467359024,1.0
0.1291308467359024,1.0
0.12923084673590238,1.0
0.12933084673590237,1.0
0.12943084673590236,1.0
0.12953084673590234,1.0
0.12963084673590233,1.0
0.12973084673590232,1.0
0.1298308467359023,1.0
0.1299308467359023,1.0
0.1300308467359023,1.0
0.13013084673590228,1.0
0.13023084673590227,1.0
0.13033084673590226,1.0
0.13043084673590224,1.0
0.13053084673590223,1.0
0.13063084673590222,1.0
0.1307308467359022,1.0
0.13081227747991722,1.0
0.1309122774799172,1.0
0.1310122774799172,1.0
0.1311122774799172,1.0
0.13121227747991718,1.0
0.13131227747991717,1.0
0.13141227747991716,1.0
0.13151227747991714,1.0
0.13161227747991713,1.0
0.13171227747991712,1.0
0.1318122774799171,1.0
0.1319122774799171,1.0
0.1320122774799171,1.0
0.13211227747991708,1.0
0.13221227747991707,1.0
0.13231227747991706,1.0
0.13241227747991705,1.0
0.13251227747991703,1.0
0.13261227747991702,1.0
0.132712277479917,1.0
0.132812277479917,1.0
0.132912277479917,1.0
0.13301227747991698,1.0
0.13311227747991697,1.0
0.13321227747991696,1.0
0.13331227747991695,1.0
0.13341227747991694,1.0
0.13351227747991692,1.0
0.1336122774799169,1.0
0.1337122774799169,1.0
0.1338122774799169,1.0
0.13391227747991688,1.0
0.13401227747991687,1.0
0.13411227747991686,1.0
0.13421227747991685,1.0
0.13431227747991684,1.0
0.13441227747991683,1.0
0.13451227747991681,1.0
0.1346122774799168,1.0
0.1347122774799168,1.0
0.13481227747991678,1.0
0.13491227747991677,1.0
0.13501227747991676,1.0
0.13511227747991675,1.0
0.13521227747991674,1.0
0.13531227747991673,1.0
0.13541227747991672,1.0
0.1355122774799167,1.0
0.1356122774799167,1.0
0.13571227747991668,1.0
0.13581227747991667,1.0
0.13591227747991666,1.0
0.13601227747991665,1.0
0.13611227747991664,1.0
0.13621227747991663,1.0
0.13631227747991662,1.0
0.1364122774799166,1.0
0.1365122774799166,1.0
0.13661227747991658,1.0
0.13671227747991657,1.0
0.13681227747991656,1.0
0.13691227747991655,1.0
0.13701227747991654,1.0
0.13711227747991653,1.0
0.13721227747991652,1.0
0.1373122774799165,1.0
0.1374122774799165,1.0
0.13751227747991648,1.0
0.13761227747991647,1.0
0.13771227747991646,1.0
0.13781227747991645,1.0
0.13791227747991644,1.0
0.13801227747991643,1.0
0.13811227747991642,1.0
0.1382122774799164,1.0
0.1383122774799164,1.0
0.13841227747991638,1.0
0.13851227747991637,1.0
0.13861227747991636,1.0
0.13871227747991635,1.0
0.13881227747991634,1.0
0.13891227747991633,1.0
0.13901227747991632,1.0
0.1391122774799163,1.0
0.1392122774799163,1.0
0.13931227747991629,1.0
0.13941227747991627,1.0
0.13951227747991626,1.0
0.13961227747991625,1.0
0.13971227747991624,1.0
0.13981227747991623,1.0
0.13991227747991622,1.0
0.1400122774799162,1.0
0.1401122774799162,1.0
0.1402122774799162,1.0
0.14031227747991618,1.0
0.14041227747991616,1.0
0.14051227747991615,1.0
0.14061227747991614,1.0
0.14071227747991613,1.0
0.14081227747991612,1.0
0.1409122774799161,1.0
0.1410122774799161,1.0
0.1411122774799161,1.0
0.14121227747991608,1.0
0.14131227747991607,1.0
0.14141227747991605,1.0
0.14151227747991604,1.0
0.14161227747991603,1.0
0.14171227747991602,1.0
0.141812277479916,1.0
0.141912277479916,1.0
0.142012277479916,1.0
0.142095013465368,1.0
0.14219501346536798,1.0
0.14229501346536796,1.0
0.14239501346536795,1.0
0.14249501346536794,1.0
0.14259501346536793,1.0
0.14269501346536792,1.0
0.1427950134653679,1.0
0.1428950134653679,1.0
0.1429950134653679,1.0
0.14309501346536788,1.0
0.14319501346536787,1.0
0.14329501346536785,1.0
0.14339501346536784,1.0
0.14349501346536783,1.0
0.14359501346536782,1.0
0.1436950134653678,1.0
0.1437950134653678,1.0
0.1438950134653678,1.0
0.14399501346536778,1.0
0.14409501346536777,1.0
0.14419501346536776,1.0
0.14429501346536774,1.0
0.14439501346536773,1.0
0.14449501346536772,1.0
0.1445950134653677,1.0
0.1446950134653677,1.0
0.1447950134653677,1.0
0.14489501346536768,1.0
0.14499501346536767,1.0
0.14509501346536766,1.0
0.14519501346536764,1.0
0.14529501346536763,1.0
0.14539501346536762,1.0
0.1454950134653676,1.0
0.1455950134653676,1.0
0.1456950134653676,1.0
0.14579501346536758,1.0
0.14589501346536757,1.0
0.14599501346536756,1.0
0.14609501346536755,1.0
0.14619501346536753,1.0
0.14629501346536752,1.0
0.1463950134653675,1.0
0.1464950134653675,1.0
0.1465950134653675,1.0
0.14669501346536748,1.0
0.14679501346536747,1.0
0.14689501346536746,1.0
0.14699501346536745,1.0
0.14709501346536744,1.0
0.14719501346536742,1.0
0.1472950134653674,1.0
0.1473950134653674,1.0
0.1474950134653674,1.0
0.14759501346536738,1.0
0.14769501346536737,1.0
0.14779501346536736,1.0
0.14789501346536735,1.0
0.14799501346536734,1.0
0.14809501346536733,1.0
0.14819501346536731,1.0
0.1482950134653673,1.0
0.1483950134653673,1.0
0.14849501346536728,1.0
0.14859501346536727,1.0
0.14869501346536726,1.0
0.14879501346536725,1.0
0.14889501346536724,1.0
0.14899501346536723,1.0
0.14909501346536722,1.0
0.1491950134653672,1.0
0.1492950134653672,1.0
0.14939501346536718,1.0
0.14949501346536717,1.0
0.14959501346536716,1.0
0.14969501346536715,1.0
0.14979501346536714,1.0
0.14989501346536713,1.0
0.14999501346536712,1.0
0.1500950134653671,1.0
0.1501950134653671,1.0
0.15029501346536708,1.0
0.15039501346536707,1.0
0.15049501346536706,1.0
0.15059501346536705,1.0
0.15069501346536704,1.0
0.15079501346536703,1.0
0.15089501346536702,1.0
0.150995013465367,1.0
0.151095013465367,1.0
0.15119501346536698,1.0
0.15129501346536697,1.0
0.15139501346536696,1.0
0.15149501346536695,1.0
0.15159501346536694,1.0
0.15169501346536693,1.0
0.15179501346536692,1.0
0.1518950134653669,1.0
0.1519950134653669,1.0
0.15209501346536689,1.0
0.15219501346536687,1.0
0.15229501346536686,1.0
0.15239501346536685,1.0
0.15249501346536684,1.0
0.15259501346536683,1.0
0.15269501346536682,1.0
0.1527950134653668,1.0
0.1528950134653668,1.0
0.15299501346536679,1.0
0.15309501346536677,1.0
0.15319501346536676,1.0
0.15329501346536675,1.0
0.15339501346536674,1.0
0.15349501346536673,1.0
0.15359501346536672,1.0
0.1536950134653667,1.0
0.1537950134653667,1.0
0.1538950134653667,1.0
0.15399501346536668,1.0
0.15409501346536666,1.0
0.15419501346536665,1.0
0.15429501346536664,1.0
0.15439501346536663,1.0
0.15449501346536662,1.0
0.1545950134653666,1.0
0.1546950134653666,1.0
0.1547950134653666,1.0
0.15489501346536658,1.0
0.15499501346536657,1.0
0.15509501346536655,1.0
0.15519501346536654,1.0
0.15529501346536653,1.0
0.15539501346536652,1.0
0.1554950134653665,1.0
0.1555950134653665,1.0
0.1556950134653665,1.0
0.15579501346536648,1.0
0.15589501346536647,1.0
0.15599501346536646,1.0
0.15609501346536644,1.0
0.15619501346536643,1.0
0.15629501346536642,1.0
0.1563950134653664,1.0
0.1564950134653664,1.0
0.1565950134653664,1.0
0.15669501346536638,1.0
0.15679501346536637,1.0
0.15689501346536636,1.0
0.15699501346536635,1.0
0.15709501346536633,1.0
0.15719501346536632,1.0
0.1572950134653663,1.0
0.1573950134653663,1.0
0.1574950134653663,1.0
0.15759501346536628,1.0
0.15769501346536627,1.0
0.15779501346536626,1.0
0.15789501346536625,1.0
0.15799501346536624,1.0
0.15809501346536622,1.0
0.1581950134653662,1.0
0.1582950134653662,1.0
0.1583950134653662,1.0
0.15849501346536618,1.0
0.15859501346536617,1.0
0.15869501346536616,1.0
0.15879501346536615,1.0
0.15889501346536614,1.0
0.15899501346536613,1.0
0.15909501346536611,1.0
0.1591950134653661,1.0
0.1592950134653661,1.0
0.15939501346536608,1.0
0.15949501346536607,1.0
0.15959501346536606,1.0
0.15969501346536605,1.0
0.15979501346536604,1.0
0.15989501346536603,1.0
0.15999501346536601,1.0
0.160095013465366,1.0
0.160195013465366,1.0
0.16029501346536598,1.0
0.16039501346536597,1.0
0.16049501346536596,1.0
0.16059501346536595,1.0
0.16069501346536594,1.0
0.16079501346536593,1.0
0.16089501346536592,1.0
0.1609950134653659,1.0
0.1610950134653659,1.0
0.16119501346536588,1.0
0.16129501346536587,1.0
0.16139501346536586,1.0
0.16149501346536585,1.0
0.16159501346536584,1.0
0.16169501346536583,1.0
0.16179501346536582,1.0
0.1618950134653658,1.0
0.1619950134653658,1.0
0.16209501346536578,1.0
0.16219501346536577,1.0
0.16229501346536576,1.0
0.16239501346536575,1.0
0.16249501346536574,1.0
0.16259501346536573,1.0
0.16269501346536572,1.0
0.1627950134653657,1.0
0.1628950134653657,1.0
0.16299501346536568,1.0
0.16309501346536567,1.0
0.16319501346536566,1.0
0.16329501346536565,1.0
0.16339501346536564,1.0
0.16349501346536563,1.0
0.16359501346536562,1.0
0.1636950134653656,1.0
0.1637950134653656,1.0
0.16389501346536559,1.0
0.16399501346536557,1.0
0.16409501346536556,1.0
0.16419501346536555,1.0
0.16429501346536554,1.0
0.16439501346536553,1.0
0.16449501346536552,1.0
0.1645950134653655,1.0
0.1646950134653655,1.0
0.1647950134653655,1.0
0.16489501346536548,1.0
0.16499501346536546,1.0
0.16509501346536545,1.0
0.16516837940730783,1.0
0.16526837940730782,1.0
0.1653683794073078,1.0
0.1654683794073078,1.0
0.1655683794073078,1.0
0.16566837940730778,1.0
0.16576837940730776,1.0
0.16586837940730775,1.0
0.16596837940730774,1.0
0.16606837940730773,1.0
0.16616837940730772,1.0
0.1662683794073077,1.0
0.1663683794073077,1.0
0.1664683794073077,1.0
0.16656837940730768,1.0
0.16666837940730767,1.0
0.16676837940730765,1.0
0.16686837940730764,1.0
0.16696837940730763,1.0
0.16706837940730762,1.0
0.1671683794073076,1.0
0.1672683794073076,1.0
0.1673683794073076,1.0
0.16746837940730758,1.0
0.16756837940730757,1.0
0.16766837940730756,1.0
0.16776837940730754,1.0
0.16786837940730753,1.0
0.16796837940730752,1.0
0.1680683794073075,1.0
0.1681683794073075,1.0
0.1682683794073075,1.0
0.16836837940730748,1.0
0.16846837940730747,1.0
0.16856837940730746,1.0
0.16866837940730744,1.0
0.16876837940730743,1.0
0.16886837940730742,1.0
0.1689683794073074,1.0
0.1690683794073074,1.0
0.1691683794073074,1.0
0.16926837940730738,1.0
0.16936837940730737,1.0
0.16946837940730736,1.0
0.16956837940730735,1.0
0.16966837940730733,1.0
0.16976837940730732,1.0
0.1698683794073073,1.0
0.1699683794073073,1.0
0.1700683794073073,1.0
0.17016837940730728,1.0
0.17026837940730727,1.0
0.17036837940730726,1.0
0.17046837940730725,1.0
0.17056837940730724,1.0
0.17066837940730722,1.0
0.1707683794073072,1.0
0.1708683794073072,1.0
0.1709683794073072,1.0
0.17106837940730718,1.0
0.17116837940730717,1.0
0.17126837940730716,1.0
0.17136837940730715,1.0
0.17146837940730714,1.0
0.17156837940730713,1.0
0.17166837940730711,1.0
0.1717683794073071,1.0
0.1718683794073071,1.0
0.17196837940730708,1.0
0.17206837940730707,1.0
0.17216837940730706,1.0
0.17226837940730705,1.0
0.17236837940730704,1.0
0.17246837940730703,1.0
0.17256837940730702,1.0
0.172668379407307,1.0
0.172768379407307,1.0
0.17286837940730698,1.0
0.17296837940730697,1.0
0.17306837940730696,1.0
0.17316837940730695,1.0
0.17326837940730694,1.0
0.17336837940730693,1.0
0.17346837940730692,1.0
0.1735683794073069,1.0
0.1736683794073069,1.0
0.17376837940730688,1.0
0.17386837940730687,1.0
0.17396837940730686,1.0
0.17406837940730685,1.0
0.17416837940730684,1.0
0.17426837940730683,1.0
0.17436837940730682,1.0
0.1744683794073068,1.0
0.1745683794073068,1.0
0.17466837940730678,1.0
0.17476837940730677,1.0
0.17486837940730676,1.0
0.17496837940730675,1.0
0.17506837940730674,1.0
0.17516837940730673,1.0
0.17526837940730672,1.0
0.1753683794073067,1.0
0.1754683794073067,1.0
0.17556837940730669,1.0
0.17566837940730667,1.0
0.17576837940730666,1.0
0.17586837940730665,1.0
0.17596837940730664,1.0
0.17606837940730663,1.0
0.17616837940730662,1.0
0.1762683794073066,1.0
0.1763683794073066,1.0
0.17646837940730659,1.0
0.17656837940730657,1.0
0.17666837940730656,1.0
0.17676837940730655,1.0
0.17686837940730654,1.0
0.17696837940730653,1.0
0.17706837940730652,1.0
0.1771683794073065,1.0
0.1772683794073065,1.0
0.1773683794073065,1.0
0.17746837940730648,1.0
0.17756837940730646,1.0
0.17766837940730645,1.0
0.17776837940730644,1.0
0.17786837940730643,1.0
0.17796837940730642,1.0
0.1780683794073064,1.0
0.1781683794073064,1.0
0.1782683794073064,1.0
0.17836837940730638,1.0
0.17846837940730637,1.0
0.17856837940730635,1.0
0.17866837940730634,1.0
0.17876837940730633,1.0
0.17886837940730632,1.0
0.1789683794073063,1.0
0.1790683794073063,1.0
0.1791683794073063,1.0
0.17926837940730628,1.0
0.17936837940730627,1.0
0.17946837940730626,1.0
0.17956837940730624,1.0
0.17966837940730623,1.0
0.17976837940730622,1.0
0.1798683794073062,1.0
0.1799683794073062,1.0
0.1800683794073062,1.0
0.18016837940730618,1.0
0.18026837940730617,1.0
0.18036837940730616,1.0
0.18046837940730615,1.0
0.18056837940730613,1.0
0.18066837940730612,1.0
0.1807683794073061,1.0
0.1808683794073061,1.0
0.1809683794073061,1.0
0.18106837940730608,1.0
0.18116837940730607,1.0
0.18126837940730606,1.0
0.18136837940730605,1.0
0.18146837940730604,1.0
0.18156837940730602,1.0
0.181668379407306,1.0
0.181768379407306,1.0
0.181868379407306,1.0
0.18196837940730598,1.0
0.18206837940730597,1.0
0.18216837940730596,1.0
0.18226837940730595,1.0
0.18236837940730594,1.0
0.18246837940730593,1.0
0.18256837940730591,1.0
0.1826683794073059,1.0
0.1827683794073059,1.0
0.18286837940730588,1.0
0.18296837940730587,1.0
0.18306837940730586,1.0
0.18316837940730585,1.0
0.18326837940730584,1.0
0.18336837940730583,1.0
0.18346837940730581,1.0
0.1835683794073058,1.0
0.1836683794073058,1.0
0.18376837940730578,1.0
0.18386837940730577,1.0
0.18396837940730576,1.0
0.18406837940730575,1.0
0.18416837940730574,1.0
0.18426837940730573,1.0
0.18436837940730572,1.0
0.1844683794073057,1.0
0.1845683794073057,1.0
0.18465000805609333,1.0
0.18475000805609332,1.0
0.1848500080560933,1.0
0.1849500080560933,1.0
0.18505000805609328,1.0
0.18515000805609327,1.0
0.18525000805609326,1.0
0.18535000805609325,1.0
0.18545000805609324,1.0
0.18555000805609323,1.0
0.18565000805609322,1.0
0.1857500080560932,1.0
0.1858500080560932,1.0
0.18595000805609319,1.0
0.18605000805609317,1.0
0.18615000805609316,1.0
0.18625000805609315,1.0
0.18635000805609314,1.0
0.18645000805609313,1.0
0.18655000805609312,1.0
0.1866500080560931,1.0
0.1867500080560931,1.0
0.1868500080560931,1.0
0.18695000805609308,1.0
0.18705000805609306,1.0
0.18715000805609305,1.0
0.18725000805609304,1.0
0.18735000805609303,1.0
0.18745000805609302,1.0
0.187550008056093,1.0
0.187650008056093,1.0
0.187750008056093,1.0
0.18785000805609298,1.0
0.18795000805609297,1.0
0.18805000805609295,1.0
0.18815000805609294,1.0
0.18825000805609293,1.0
0.18835000805609292,1.0
0.1884500080560929,1.0
0.1885500080560929,1.0
0.1886500080560929,1.0
0.18875000805609288,1.0
0.18885000805609287,1.0
0.18895000805609286,1.0
0.18905000805609284,1.0
0.18915000805609283,1.0
0.18925000805609282,1.0
0.1893500080560928,1.0
0.1894500080560928,1.0
0.1895500080560928,1.0
0.18965000805609278,1.0
0.18975000805609277,1.0
0.18985000805609276,1.0
0.18995000805609275,1.0
0.19005000805609273,1.0
0.19015000805609272,1.0
0.1902500080560927,1.0
0.1903500080560927,1.0
0.1904500080560927,1.0
0.19055000805609268,1.0
0.19065000805609267,1.0
0.19075000805609266,1.0
0.19085000805609265,1.0
0.19095000805609263,1.0
0.19105000805609262,1.0
0.1911500080560926,1.0
0.1912500080560926,1.0
0.1913500080560926,1.0
0.19145000805609258,1.0
0.19155000805609257,1.0
0.19165000805609256,1.0
0.19175000805609255,1.0
0.19185000805609254,1.0
0.19195000805609252,1.0
0.1920500080560925,1.0
0.1921500080560925,1.0
0.1922500080560925,1.0
0.19235000805609248,1.0
0.19245000805609247,1.0
0.19255000805609246,1.0
0.19265000805609245,1.0
0.19275000805609244,1.0
0.19285000805609243,1.0
0.19295000805609241,1.0
0.1930500080560924,1.0
0.1931500080560924,1.0
0.19325000805609238,1.0
0.19335000805609237,1.0
0.19345000805609236,1.0
0.19355000805609235,1.0
0.19365000805609234,1.0
0.1937290455709608,1.0
0.19382904557096078,1.0
0.19392904557096077,1.0
0.19402904557096076,1.0
0.19412904557096075,1.0
0.19422904557096074,1.0
0.19432904557096073,1.0
0.19442904557096072,1.0
0.1945290455709607,1.0
0.1946290455709607,1.0
0.19472904557096068,1.0
0.19482904557096067,1.0
0.19492904557096066,1.0
0.19502904557096065,1.0
0.19512904557096064,1.0
0.19522904557096063,1.0
0.19532904557096062,1.0
0.1954290455709606,1.0
0.1955290455709606,1.0
0.19562904557096059,1.0
0.19572904557096057,1.0
0.19582904557096056,1.0
0.19592904557096055,1.0
0.19602904557096054,1.0
0.19612904557096053,1.0
0.19622904557096052,1.0
0.1963290455709605,1.0
0.1964290455709605,1.0
0.1965290455709605,1.0
0.19662904557096048,1.0
0.19672904557096046,1.0
0.19682904557096045,1.0
0.19692904557096044,1.0
0.19702904557096043,1.0
0.19712904557096042,1.0
0.1972290455709604,1.0
0.1973290455709604,1.0
0.1974290455709604,1.0
0.19752904557096038,1.0
0.19762904557096037,1.0
0.19772904557096035,1.0
0.19782904557096034,1.0
0.19792904557096033,1.0
0.19802904557096032,1.0
0.1981290455709603,1.0
0.1982290455709603,1.0
0.1983290455709603,1.0
0.19842904557096028,1.0
0.19852904557096027,1.0
0.19862904557096026,1.0
0.19872904557096024,1.0
0.19882904557096023,1.0
0.19892904557096022,1.0
0.1990290455709602,1.0
0.1991290455709602,1.0
0.1992290455709602,1.0
0.19932904557096018,1.0
0.19942904557096017,1.0
0.19952904557096016,1.0
0.19962904557096015,1.0
0.19972904557096013,1.0
0.19982904557096012,1.0
0.1999290455709601,1.0
0.2000290455709601,1.0
0.2001290455709601,1.0
0.20022904557096008,1.0
0.20032904557096007,1.0
0.20042904557096006,1.0
0.20052904557096005,1.0
0.20062904557096004,1.0
0.20072904557096002,1.0
0.20082904557096,1.0
0.20092904557096,1.0
0.20102904557096,1.0
0.20112904557095998,1.0
0.20122904557095997,1.0
0.20132904557095996,1.0
0.20142904557095995,1.0
0.20152904557095994,1.0
0.20162904557095992,1.0
0.20172904557095991,1.0
0.2018290455709599,1.0
0.2019290455709599,1.0
0.20202904557095988,1.0
0.20212904557095987,1.0
0.20222904557095986,1.0
0.20232904557095985,1.0
0.20242904557095984,1.0
0.20252904557095983,1.0
0.20262904557095981,1.0
0.2027290455709598,1.0
0.2028290455709598,1.0
0.20292904557095978,1.0
0.20302904557095977,1.0
0.20312904557095976,1.0
0.20322904557095975,1.0
0.20332904557095974,1.0
0.20342904557095973,1.0
0.20352904557095972,1.0
0.2036290455709597,1.0
0.2037290455709597,1.0
0.20382904557095968,1.0
0.20392904557095967,1.0
0.20402904557095966,1.0
0.20412904557095965,1.0
0.20422904557095964,1.0
0.20432904557095963,1.0
0.20442904557095962,1.0
0.2045290455709596,1.0
0.2046290455709596,1.0
0.20472904557095958,1.0
0.20482904557095957,1.0
0.20492904557095956,1.0
0.20502904557095955,1.0
0.20512904557095954,1.0
0.20522904557095953,1.0
0.20532904557095952,1.0
0.2054290455709595,1.0
0.2055290455709595,1.0
0.20562904557095948,1.0
0.20572904557095947,1.0
0.20582904557095946,1.0
0.20592904557095945,1.0
0.20602904557095944,1.0
0.20612904557095943,1.0
0.20622904557095942,1.0
0.2063290455709594,1.0
0.2064290455709594,1.0
0.20652904557095939,1.0
0.20662904557095937,1.0
0.20672904557095936,1.0
0.20682904557095935,1.0
0.20692904557095934,1.0
0.20702904557095933,1.0
0.20712904557095932,1.0
0.20720890057057853,1.0
0.20730890057057852,1.0
0.2074089005705785,1.0
0.2075089005705785,1.0
0.2076089005705785,1.0
0.20770890057057848,1.0
0.20780890057057846,1.0
0.20790890057057845,1.0
0.20800890057057844,1.0
0.20810890057057843,1.0
0.20820890057057842,1.0
0.2083089005705784,1.0
0.2084089005705784,1.0
0.2085089005705784,1.0
0.20860890057057838,1.0
0.20870890057057837,1.0
0.20880890057057835,1.0
0.20890890057057834,1.0
0.20900890057057833,1.0
0.20910890057057832,1.0
0.2092089005705783,1.0
0.2093089005705783,1.0
0.2094089005705783,1.0
0.20950890057057828,1.0
0.20960890057057827,1.0
0.20970890057057825,1.0
0.20980890057057824,1.0
0.20990890057057823,1.0
0.21000890057057822,1.0
0.2101089005705782,1.0
0.2102089005705782,1.0
0.2103089005705782,1.0
0.21040890057057818,1.0
0.21050890057057817,1.0
0.21060890057057816,1.0
0.21070890057057814,1.0
0.21080890057057813,1.0
0.21090890057057812,1.0
0.2110089005705781,1.0
0.2111089005705781,1.0
0.2112089005705781,1.0
0.21130890057057808,1.0
0.21140890057057807,1.0
0.21150890057057806,1.0
0.21160890057057805,1.0
0.21170890057057803,1.0
0.21180890057057802,1.0
0.211908900570578,1.0
0.212008900570578,1.0
0.212108900570578,1.0
0.21220890057057798,1.0
0.21230890057057797,1.0
0.21240890057057796,1.0
0.21250890057057795,1.0
0.21260890057057794,1.0
0.21270890057057792,1.0
0.2128089005705779,1.0
0.2129089005705779,1.0
0.2130089005705779,1.0
0.21310890057057788,1.0
0.21320890057057787,1.0
0.21330890057057786,1.0
0.21340890057057785,1.0
0.21350890057057784,1.0
0.21360890057057783,1.0
0.21370890057057781,1.0
0.2138089005705778,1.0
0.2139089005705778,1.0
0.21400890057057778,1.0
0.21410890057057777,1.0
0.21420890057057776,1.0
0.21430890057057775,1.0
0.21440890057057774,1.0
0.21450890057057773,1.0
0.21460890057057772,1.0
0.2147089005705777,1.0
0.2148089005705777,1.0
0.21490890057057768,1.0
0.21499185388662392,1.0
0.2150918538866239,1.0
0.2151918538866239,1.0
0.2152918538866239,1.0
0.21539185388662388,1.0
0.21549185388662387,1.0
0.21559185388662386,1.0
0.21569185388662385,1.0
0.21579185388662384,1.0
0.21589185388662382,1.0
0.2159918538866238,1.0
0.2160918538866238,1.0
0.2161918538866238,1.0
0.21629185388662378,1.0
0.21639185388662377,1.0
0.21649185388662376,1.0
0.21659185388662375,1.0
0.21669185388662374,1.0
0.21679185388662373,1.0
0.21689185388662371,1.0
0.2169918538866237,1.0
0.2170918538866237,1.0
0.21719185388662368,1.0
0.21729185388662367,1.0
0.21739185388662366,1.0
0.21749185388662365,1.0
0.21759185388662364,1.0
0.21769185388662363,1.0
0.21779185388662362,1.0
0.2178918538866236,1.0
0.2179918538866236,1.0
0.21809185388662358,1.0
0.21819185388662357,1.0
0.21829185388662356,1.0
0.21839185388662355,1.0
0.21849185388662354,1.0
0.21859185388662353,1.0
0.21869185388662352,1.0
0.2187918538866235,1.0
0.2188918538866235,1.0
0.21899185388662348,1.0
0.21909185388662347,1.0
0.21919185388662346,1.0
0.21929185388662345,1.0
0.21939185388662344,1.0
0.21949185388662343,1.0
0.21959185388662342,1.0
0.2196918538866234,1.0
0.2197918538866234,1.0
0.21989185388662338,1.0
0.21999185388662337,1.0
0.22009185388662336,1.0
0.22019185388662335,1.0
0.22029185388662334,1.0
0.22039185388662333,1.0
0.22049185388662332,1.0
0.2205918538866233,1.0
0.2206918538866233,1.0
0.22079185388662328,1.0
0.22089185388662327,1.0
0.22099185388662326,1.0
0.22109185388662325,1.0
0.22119185388662324,1.0
0.22129185388662323,1.0
0.22139185388662322,1.0
0.2214918538866232,1.0
0.2215918538866232,1.0
0.22169185388662319,1.0
0.22179185388662317,1.0
0.22189185388662316,1.0
0.22199185388662315,1.0
0.22209185388662314,1.0
0.22219185388662313,1.0
0.22229185388662312,1.0
0.2223918538866231,1.0
0.2224918538866231,1.0
0.2225918538866231,1.0
0.22269185388662308,1.0
0.22279185388662306,1.0
0.22289185388662305,1.0
0.22299185388662304,1.0
0.22309185388662303,1.0
0.22319185388662302,1.0
0.223291853886623,1.0
0.223391853886623,1.0
0.223491853886623,1.0
0.22359185388662298,1.0
0.22369185388662297,1.0
0.22379185388662295,1.0
0.22389185388662294,1.0
0.22399185388662293,1.0
0.22409185388662292,1.0
0.2241918538866229,1.0
0.2242918538866229,1.0
0.2243918538866229,1.0
0.22449185388662288,1.0
0.22459185388662287,1.0
0.22469185388662286,1.0
0.22479185388662284,1.0
0.22489185388662283,1.0
0.22499185388662282,1.0
0.2250918538866228,1.0
0.2251918538866228,1.0
0.2252918538866228,1.0
0.22539185388662278,1.0
0.22549185388662277,1.0
0.22559185388662276,1.0
0.22569185388662275,1.0
0.22579185388662273,1.0
0.22589185388662272,1.0
0.2259918538866227,1.0
0.2260918538866227,1.0
0.2261918538866227,1.0
0.22629185388662268,1.0
0.22639185388662267,1.0
0.22649185388662266,1.0
0.22659185388662265,1.0
0.22669185388662264,1.0
0.22679185388662262,1.0
0.2268918538866226,1.0
0.2269918538866226,1.0
0.2270918538866226,1.0
0.22719185388662258,1.0
0.22729185388662257,1.0
0.22739185388662256,1.0
0.22749185388662255,1.0
0.22759185388662254,1.0
0.22769185388662253,1.0
0.22779185388662251,1.0
0.2278918538866225,1.0
0.2279918538866225,1.0
0.22809185388662248,1.0
0.22819185388662247,1.0
0.22829185388662246,1.0
0.22839185388662245,1.0
0.22849185388662244,1.0
0.22859185388662243,1.0
0.22869185388662241,1.0
0.2287918538866224,1.0
0.2288918538866224,1.0
0.22899185388662238,1.0
0.22909185388662237,1.0
0.22919185388662236,1.0
0.22929185388662235,1.0
0.22939185388662234,1.0
0.22949185388662233,1.0
0.22959185388662232,1.0
0.22967319913863726,1.0
0.22977319913863725,1.0
0.22987319913863724,1.0
0.22997319913863723,1.0
0.23007319913863722,1.0
0.2301731991386372,1.0
0.2302731991386372,1.0
0.23037319913863719,1.0
0.23047319913863717,1.0
0.23057319913863716,1.0
0.23067319913863715,1.0
0.23077319913863714,1.0
0.23087319913863713,1.0
0.23097319913863712,1.0
0.2310731991386371,1.0
0.2311731991386371,1.0
0.2312731991386371,1.0
0.23137319913863708,1.0
0.23147319913863706,1.0
0.23157319913863705,1.0
0.23167319913863704,1.0
0.23177319913863703,1.0
0.23187319913863702,1.0
0.231973199138637,1.0
0.232073199138637,1.0
0.232173199138637,1.0
0.23227319913863698,1.0
0.23237319913863697,1.0
0.23247319913863695,1.0
0.23257319913863694,1.0
0.23267319913863693,1.0
0.23277319913863692,1.0
0.2328731991386369,1.0
0.2329731991386369,1.0
0.2330731991386369,1.0
0.23317319913863688,1.0
0.23327319913863687,1.0
0.23337319913863686,1.0
0.23347319913863684,1.0
0.23357319913863683,1.0
0.23367319913863682,1.0
0.2337731991386368,1.0
0.2338731991386368,1.0
0.2339731991386368,1.0
0.23407319913863678,1.0
0.23417319913863677,1.0
0.23427319913863676,1.0
0.23437319913863675,1.0
0.23447319913863673,1.0
0.23457319913863672,1.0
0.2346731991386367,1.0
0.2347731991386367,1.0
0.2348731991386367,1.0
0.23497319913863668,1.0
0.23507319913863667,1.0
0.23517319913863666,1.0
0.23527319913863665,1.0
0.23537319913863664,1.0
0.23547319913863662,1.0
0.2355731991386366,1.0
0.2356731991386366,1.0
0.2357731991386366,1.0
0.23587319913863658,1.0
0.23597319913863657,1.0
0.23607319913863656,1.0
0.23617319913863655,1.0
0.23627319913863654,1.0
0.23637319913863652,1.0
0.23647319913863651,1.0
0.2365731991386365,1.0
0.2366731991386365,1.0
0.23677319913863648,1.0
0.23687319913863647,1.0
0.23697319913863646,1.0
0.23707319913863645,1.0
0.23717319913863644,1.0
0.23727319913863643,1.0
0.23737319913863641,1.0
0.2374731991386364,1.0
0.2375731991386364,1.0
0.23767319913863638,1.0
0.23777319913863637,1.0
0.23787319913863636,1.0
0.23797319913863635,1.0
0.23807319913863634,1.0
0.23817319913863633,1.0
0.23827319913863632,1.0
0.2383731991386363,1.0
0.2384731991386363,1.0
0.23857319913863628,1.0
0.23867319913863627,1.0
0.23877319913863626,1.0
0.23887319913863625,1.0
0.23897319913863624,1.0
0.23907319913863623,1.0
0.23917319913863622,1.0
0.2392731991386362,1.0
0.2393731991386362,1.0
0.23947319913863618,1.0
0.23957319913863617,1.0
0.23967319913863616,1.0
0.23977319913863615,1.0
0.23987319913863614,1.0
0.23997319913863613,1.0
0.24007319913863612,1.0
0.2401731991386361,1.0
0.2402731991386361,1.0
0.24037319913863608,1.0
0.24047319913863607,1.0
0.24057319913863606,1.0
0.24067319913863605,1.0
0.24077319913863604,1.0
0.24087319913863603,1.0
0.24097319913863602,1.0
0.241073199138636,1.0
0.241173199138636,1.0
0.24127319913863599,1.0
0.24137319913863597,1.0
0.24147319913863596,1.0
0.24157319913863595,1.0
0.24167319913863594,1.0
0.24177319913863593,1.0
0.24187319913863592,1.0
0.2419731991386359,1.0
0.24205129709288717,1.0
0.24215129709288716,1.0
0.24225129709288715,1.0
0.24235129709288714,1.0
0.24245129709288712,1.0
0.2425512970928871,1.0
0.2426512970928871,1.0
0.2427512970928871,1.0
0.24285129709288708,1.0
0.24295129709288707,1.0
0.24305129709288706,1.0
0.24315129709288705,1.0
0.24325129709288704,1.0
0.24335129709288703,1.0
0.24345129709288701,1.0
0.243551297092887,1.0
0.243651297092887,1.0
0.24375129709288698,1.0
0.24385129709288697,1.0
0.24395129709288696,1.0
0.24405129709288695,1.0
0.24415129709288694,1.0
0.24425129709288693,1.0
0.24435129709288692,1.0
0.2444512970928869,1.0
0.2445512970928869,1.0
0.24465129709288688,1.0
0.24475129709288687,1.0
0.24485129709288686,1.0
0.24495129709288685,1.0
0.24505129709288684,1.0
0.24515129709288683,1.0
0.24525129709288682,1.0
0.2453512970928868,1.0
0.2454512970928868,1.0
0.24555129709288678,1.0
0.24565129709288677,1.0
0.24575129709288676,1.0
0.24585129709288675,1.0
0.24595129709288674,1.0
0.24605129709288673,1.0
0.24615129709288672,1.0
0.2462512970928867,1.0
0.2463512970928867,1.0
0.24645129709288668,1.0
0.24655129709288667,1.0
0.24665129709288666,1.0
0.24675129709288665,1.0
0.24685129709288664,1.0
0.24695129709288663,1.0
0.24705129709288662,1.0
0.2471512970928866,1.0
0.2472512970928866,1.0
0.24735129709288659,1.0
0.24745129709288657,1.0
0.24755129709288656,1.0
0.24765129709288655,1.0
0.24775129709288654,1.0
0.24785129709288653,1.0
0.24795129709288652,1.0
0.2480512970928865,1.0
0.2481512970928865,1.0
0.24825129709288649,1.0
0.24835129709288647,1.0
0.24845129709288646,1.0
0.24855129709288645,1.0
0.24865129709288644,1.0
0.24875129709288643,1.0
0.24885129709288642,1.0
0.2489512970928864,1.0
0.2490512970928864,1.0
0.2491512970928864,1.0
0.24925129709288638,1.0
0.24935129709288636,1.0
0.24945129709288635,1.0
0.24955129709288634,1.0
0.24965129709288633,1.0
0.24975129709288632,1.0
0.2498512970928863,1.0
0.2499512970928863,1.0
0.25,1.0
0.25000308346997924,1.0000000001337432
0.25000468612536203,1.0000000003061031
0.25000747997400063,1.0000000007676184
0.25001035277272143,1.0000000014466484
0.2500140792332768,1.000000002619349
0.2500184000376237,1.0000000043648918
0.2500236181046008,1.000000006980407
0.2500297016856006,1.0000000106616231
0.2500367377524039,1.0000000156650892
0.2500445655256561,1.000000022034308
0.2500531441984656,1.0000000298139908
0.2500626961442852,1.0000000392464525
0.25007564923231823,1.0000000529470667
0.2500893997683184,1.0000000681348975
0.25010565762089293,1.0000000862652536
0.2501244693443768,1.0000001065985225
0.25014722396066036,1.0000001290566434
0.25017495896261605,1.000000151605231
0.25020936964770274,1.000000169982894
0.2502511422925578,1.0000001754197234
0.25029946928392743,1.0000001564430325
0.2503545397581155,1.0000001009017985
0.25041655251530215,0.999999996284111
0.2504856255069383,0.9999998308763045
0.2505612235840921,0.9999995966057235
0.25064677879957076,0.999999272371728
0.25074677879957075,0.9999988248056245
0.25084677879957074,0.9999983150474293
0.2509467787995707,0.9999977554452291
0.2510467787995707,0.9999971594858836
0.2511467787995707,0.9999965419661762
0.2512467787995707,0.9999959182183138
0.2513467787995707,0.9999953028737426
0.25144677879957067,0.9999947087204836
0.25154677879957066,0.999994146026323
0.25164677879957065,0.9999936224256805
0.25174677879957064,0.9999931432415757
0.2518467787995706,0.9999927120082993
0.2519467787995706,0.9999923309757838
0.2520467787995706,0.9999920014665223
0.2521467787995706,0.999991724060396
0.2522467787995706,0.9999914986569708
0.25234677879957057,0.9999913244910654
0.25244677879957056,0.9999912001629581
0.25254677879957055,0.9999911237102355
0.25264677879957054,0.9999910927153068
0.2527467787995705,0.9999911044241847
0.2528467787995705,0.9999911558508482
0.2529467787995705,0.9999912438519574
0.2530467787995705,0.9999913651705348
0.2531467787995705,0.9999915164575403
0.25324677879957047,0.9999916942839809
0.25334677879957046,0.9999918951539832
0.25344677879957045,0.9999921155239914
0.25354677879957044,0.9999923518280851
0.2536467787995704,0.9999926005063374
0.2537467787995704,0.9999928580326055
0.2538467787995704,0.999993120939414
0.2539467787995704,0.9999933858394153
0.2540467787995704,0.9999936494442875
0.25414677879957037,0.9999939085823909
0.25424677879957036,0.9999941602161657
0.25434677879957035,0.99999440145951
0.25444677879957034,0.9999946295947089
0.25454677879957033,0.9999948420881404
0.2546467787995703,0.9999950366040189
0.2547467787995703,0.9999952110157156
0.2548467787995703,0.9999953634145365
0.2549467787995703,0.9999954921160827
0.2550467787995703,0.9999955956644203
0.25514677879957026,0.9999956728342575
0.25524677879957025,0.9999957226312465
0.25534677879957024,0.9999957442904521
0.25544677879957023,0.9999957372730047
0.2555467787995702,0.999995701260981
0.2556467787995702,0.99999563615061
0.2557467787995702,0.9999955420439538
0.2558467787995702,0.9999954192392521
0.2559467787995702,0.9999952682201191
0.25604677879957016,0.9999950896437783
0.25614677879957015,0.9999948843284925
0.25624677879957014,0.9999946532403342
0.25634677879957013,0.9999943974794285
0.2564467787995701,0.9999941182657976
0.2565467787995701,0.99999381692494
0.2566467787995701,0.9999934948732752
0.2567467787995701,0.9999931536035811
0.2568467787995701,0.9999927946705476
0.25694677879957006,0.9999924196765562
0.25704677879957005,0.9999920302577858
0.25714677879957004,0.9999916280707349
0.25724677879957003,0.9999912147792407
0.25734677879957,0.9999907920420693
0.25744677879957,0.9999903615011416
0.25754677879957,0.9999899247704547
0.25764677879957,0.9999894834257489
0.25774677879957,0.9999890389949638
0.25784677879956996,0.9999885929495173
0.25794677879956995,0.9999881466964325
0.25804677879956994,0.9999877015713317
0.25814677879956993,0.9999872588323044
0.2582467787995699,0.9999868196546572
0.2583467787995699,0.9999863851265361
0.2584467787995699,0.9999859562454153
0.2585467787995699,0.9999855339154342
0.2586467787995699,0.9999851189455623
0.25874677879956987,0.9999847120485622
0.25884677879956985,0.999984313840723
0.25894677879956984,0.9999839248423225
0.25904677879956983,0.9999835454787827
0.2591467787995698,0.9999831760824721
0.2592467787995698,0.9999828168951101
0.2593467787995698,0.9999824680707255
0.2594467787995698,0.9999821296791173
0.2595467787995698,0.9999818017097666
0.25964677879956977,0.9999814840761502
0.25974677879956976,0.9999811766203983
0.25984677879956974,0.999980879118247
0.25994677879956973,0.9999805912842317
0.2600467787995697,0.9999803127770712
0.2601467787995697,0.9999800432051906
0.2602467787995697,0.999979782132335
0.2603467787995697,0.9999795290832268
0.2604467787995697,0.9999792835492219
0.26054677879956967,0.9999790449939214
0.26064677879956966,0.999978812858699
0.26074677879956965,0.9999785865681079
0.26084677879956963,0.9999783655351296
0.2609467787995696,0.9999781491662363
0.2610467787995696,0.9999779368662352
0.2611467787995696,0.9999777280428722
0.2612467787995696,0.9999775221111699
0.2613467787995696,0.9999773184974833
0.26144677879956957,0.9999771166432543
0.26154677879956956,0.9999769160084548
0.26164677879956955,0.9999767160747071
0.26174677879956953,0.9999765163480748
0.2618467787995695,0.9999763163615202
0.2619467787995695,0.999976115677027
0.2620467787995695,0.9999759138873903
0.2621467787995695,0.9999757106176757
0.2622467787995695,0.9999755055263553
0.26234677879956947,0.9999752983061294
0.26244677879956946,0.9999750886844422
0.26254677879956945,0.9999748764237039
0.26264677879956944,0.999974661321235
0.2627467787995694,0.9999744432089447
0.2628467787995694,0.999974221952762
0.2629467787995694,0.9999739974518357
0.2630467787995694,0.9999737696375222
0.2631467787995694,0.9999735384721793
0.26324677879956937,0.9999733039477857
0.26334677879956936,0.999973066084406
0.26344677879956935,0.9999728249285207
0.26354677879956934,0.9999725805512415
0.2636467787995693,0.999972333046431
0.2637467787995693,0.9999720825287467
0.2638467787995693,0.9999718291316283
0.2639467787995693,0.9999715730052463
0.2640467787995693,0.9999713143144299
0.26414677879956927,0.9999710532365906
0.26424677879956926,0.9999707899596593
0.26434677879956925,0.9999705246800495
0.26444677879956924,0.9999702576006643
0.2645467787995692,0.9999699889289552
0.2646467787995692,0.999969718875051
0.2647467787995692,0.9999694476499623
0.2648467787995692,0.9999691754638746
0.2649467787995692,0.9999689025245365
0.26504677879956917,0.9999686290357523
0.26514677879956916,0.9999683551959836
0.26524677879956915,0.9999680811970657
0.26534677879956914,0.9999678072230422
0.2654467787995691,0.9999675334491214
0.2655467787995691,0.9999672600407554
0.2656467787995691,0.9999669871528426
0.2657467787995691,0.9999667149290541
0.2658467787995691,0.9999664435012812
0.2659467787995691,0.9999661729892045
0.26604677879956906,0.9999659034999782
0.26614677879956905,0.9999656351280287
0.26624677879956904,0.9999653679549625
0.26634677879956903,0.9999651020495773
0.266446778799569,0.9999648374679728
0.266546778799569,0.999964574253752
0.266646778799569,0.9999643124383107
0.266746778799569,0.9999640520412065
0.266846778799569,0.9999637930705988
0.26694677879956896,0.9999635355237546
0.26704677879956895,0.9999632793876135
0.26714677879956894,0.9999630246394025
0.26724677879956893,0.9999627712472933
0.2673467787995689,0.9999625191710979
0.2674467787995689,0.9999622683629906
0.2675467787995689,0.9999620187682532
0.2676467787995689,0.9999617703260347
0.2677467787995689,0.9999615229701192
0.26784677879956886,0.9999612766296955
0.26794677879956885,0.9999610312301233
0.26804677879956884,0.9999607866936888
0.26814677879956883,0.999960542940346
0.2682467787995688,0.9999602998884372
0.2683467787995688,0.999960057455389
0.2684467787995688,0.9999598155583816
0.2685467787995688,0.9999595741149828
0.2686467787995688,0.9999593330437484
0.26874677879956876,0.9999590922647842
0.26884677879956875,0.9999588517002672
0.26894677879956874,0.9999586112749239
0.26904677879956873,0.9999583709164653
0.2691467787995687,0.9999581305559766
0.2692467787995687,0.9999578901282604
0.2693467787995687,0.9999576495721357
0.2694467787995687,0.9999574088306887
0.2695467787995687,0.99995716785148
0.26964677879956866,0.999956926586706
0.26974677879956865,0.9999566849933171
0.26984677879956864,0.9999564430330936
0.26994677879956863,0.9999562006726804
0.2700467787995686,0.9999559578835835
0.2701467787995686,0.9999557146421292
0.2702467787995686,0.9999554709293884
0.2703467787995686,0.9999552267310696
0.2704467787995686,0.9999549820373809
0.27054677879956857,0.9999547368428661
0.27064677879956855,0.9999544911462148
0.27074677879956854,0.9999542449500521
0.27084677879956853,0.9999539982607081
0.2709467787995685,0.9999537510879714
0.2710467787995685,0.9999535034448298
0.2711467787995685,0.9999532553471986
0.2712467787995685,0.999953006813642
0.2713467787995685,0.9999527578650875
0.27144677879956847,0.9999525085245388
0.27154677879956846,0.9999522588167854
0.27164677879956844,0.999952008768116
0.27174677879956843,0.9999517584060338
0.2718467787995684,0.9999515077589781
0.2719467787995684,0.9999512568560535
0.2720467787995684,0.9999510057267664
0.2721467787995684,0.9999507544007744
0.2722467787995684,0.999950502907646
0.27234677879956837,0.9999502512766348
0.27244677879956836,0.9999499995364662
0.27254677879956835,0.9999497477151411
0.27264677879956833,0.999949495839754
0.2727467787995683,0.9999492439363284
0.2728467787995683,0.9999489920296685
0.2729467787995683,0.9999487401432278
0.2730467787995683,0.9999484882989955
0.2731467787995683,0.999948236517401
0.27324677879956827,0.999947984817232
0.27334677879956826,0.9999477332155731
0.27344677879956825,0.9999474817277589
0.27354677879956824,0.9999472303673437
0.2736467787995682,0.9999469791460853
0.2737467787995682,0.9999467280739449
0.2738467787995682,0.9999464771590998
0.2739467787995682,0.99994622640797
0.2740467787995682,0.9999459758252559
0.27414677879956817,0.9999457254139877
0.27424677879956816,0.9999454751755863
0.27434677879956815,0.9999452251099312
0.27444677879956814,0.9999449752154379
0.2745467787995681,0.9999447254891434
0.2746467787995681,0.9999444759267958
0.2747467787995681,0.9999442265229515
0.2748467787995681,0.999943977271074
0.2749467787995681,0.9999437281636387
0.275,0.999943595641704
