Time,generator-101-1_Ï‰
0.0,1.0
1.0e-6,1.0
2.0e-6,1.0
3.3153148102350944e-6,1.0
8.235648181774254e-6,1.0
1.797255050550503e-5,1.0
3.4116164946261385e-5,1.0
5.025977938701774e-5,1.0
7.365755752757904e-5,1.0
0.00010765021411731872,1.0
0.00020765021411731874,1.0
0.0002873857746855281,1.0
0.0003873857746855281,1.0
0.0004873857746855281,1.0
0.0005873857746855281,1.0
0.0006673044348778961,1.0
0.0007673044348778962,1.0
0.0008673044348778962,1.0
0.0009673044348778963,1.0
0.0010673044348778963,1.0
0.0011673044348778964,1.0
0.0012673044348778964,1.0
0.0013673044348778965,1.0
0.0014673044348778965,1.0
0.0015673044348778965,1.0
0.0016673044348778966,1.0
0.0017673044348778966,1.0
0.0018673044348778967,1.0
0.0019673044348778967,1.0
0.0020673044348778966,1.0
0.0021673044348778964,1.0
0.002267304434877896,1.0
0.002367304434877896,1.0
0.002467304434877896,1.0
0.0025673044348778957,1.0
0.0026673044348778955,1.0
0.0027673044348778954,1.0
0.002867304434877895,1.0
0.002967304434877895,1.0
0.003067304434877895,1.0
0.0031673044348778947,1.0
0.0032673044348778945,1.0
0.0033673044348778943,1.0
0.003467304434877894,1.0
0.003567304434877894,1.0
0.003667304434877894,1.0
0.0037673044348778936,1.0
0.0038673044348778935,1.0
0.003967304434877894,1.0
0.004067304434877894,1.0
0.004167304434877894,1.0
0.0042673044348778945,1.0
0.004367304434877895,1.0
0.004467304434877895,1.0
0.004567304434877895,1.0
0.004667304434877896,1.0
0.004767304434877896,1.0
0.004867304434877896,1.0
0.004967304434877896,1.0
0.005067304434877897,1.0
0.005167304434877897,1.0
0.005267304434877897,1.0
0.005367304434877897,1.0
0.005467304434877898,1.0
0.005567304434877898,1.0
0.005667304434877898,1.0
0.0057673044348778985,1.0
0.005867304434877899,1.0
0.005967304434877899,1.0
0.006067304434877899,1.0
0.0061673044348778995,1.0
0.0062673044348779,1.0
0.0063673044348779,1.0
0.0064673044348779,1.0
0.0065673044348779006,1.0
0.006667304434877901,1.0
0.006767304434877901,1.0
0.006867304434877901,1.0
0.006967304434877902,1.0
0.007067304434877902,1.0
0.007167304434877902,1.0
0.007267304434877902,1.0
0.007367304434877903,1.0
0.007467304434877903,1.0
0.007567304434877903,1.0
0.0076673044348779034,1.0
0.007767304434877904,1.0
0.007867304434877903,1.0
0.007967304434877902,1.0
0.008067304434877902,1.0
0.008167304434877901,1.0
0.0082673044348779,1.0
0.0083673044348779,1.0
0.0084673044348779,1.0
0.008567304434877899,1.0
0.008667304434877898,1.0
0.008767304434877898,1.0
0.008867304434877897,1.0
0.008967304434877896,1.0
0.009067304434877896,1.0
0.009167304434877895,1.0
0.009267304434877895,1.0
0.009367304434877894,1.0
0.009467304434877893,1.0
0.009567304434877893,1.0
0.009667304434877892,1.0
0.009767304434877892,1.0
0.009867304434877891,1.0
0.00996730443487789,1.0
0.01006730443487789,1.0
0.01016730443487789,1.0
0.010267304434877889,1.0
0.010367304434877888,1.0
0.010467304434877887,1.0
0.010567304434877887,1.0
0.010667304434877886,1.0
0.010767304434877886,1.0
0.010867304434877885,1.0
0.010967304434877884,1.0
0.011067304434877884,1.0
0.011167304434877883,1.0
0.011267304434877883,1.0
0.011367304434877882,1.0
0.011467304434877881,1.0
0.01156730443487788,1.0
0.01166730443487788,1.0
0.01176730443487788,1.0
0.011867304434877879,1.0
0.011967304434877878,1.0
0.012067304434877878,1.0
0.012167304434877877,1.0
0.012267304434877876,1.0
0.012367304434877876,1.0
0.012467304434877875,1.0
0.012567304434877875,1.0
0.012667304434877874,1.0
0.012767304434877873,1.0
0.012867304434877873,1.0
0.012967304434877872,1.0
0.013067304434877872,1.0
0.013167304434877871,1.0
0.01326730443487787,1.0
0.01336730443487787,1.0
0.01346730443487787,1.0
0.013567304434877869,1.0
0.013667304434877868,1.0
0.013767304434877867,1.0
0.013867304434877867,1.0
0.013967304434877866,1.0
0.014067304434877866,1.0
0.014167304434877865,1.0
0.014267304434877864,1.0
0.014367304434877864,1.0
0.014467304434877863,1.0
0.014567304434877863,1.0
0.014667304434877862,1.0
0.014767304434877861,1.0
0.01486730443487786,1.0
0.01496730443487786,1.0
0.01506730443487786,1.0
0.015167304434877859,1.0
0.015267304434877858,1.0
0.015367304434877858,1.0
0.015467304434877857,1.0
0.015567304434877857,1.0
0.015667304434877856,1.0
0.015767304434877855,1.0
0.015867304434877855,1.0
0.015967304434877854,1.0
0.016067304434877853,1.0
0.016167304434877853,1.0
0.016267304434877852,1.0
0.01636730443487785,1.0
0.01646730443487785,1.0
0.01656730443487785,1.0
0.01666730443487785,1.0
0.01676730443487785,1.0
0.01686730443487785,1.0
0.016967304434877848,1.0
0.017067304434877847,1.0
0.017167304434877847,1.0
0.017267304434877846,1.0
0.017367304434877846,1.0
0.017467304434877845,1.0
0.017567304434877844,1.0
0.017667304434877844,1.0
0.017767304434877843,1.0
0.017867304434877843,1.0
0.017967304434877842,1.0
0.01806730443487784,1.0
0.01816730443487784,1.0
0.01826730443487784,1.0
0.01836730443487784,1.0
0.01846730443487784,1.0
0.01856730443487784,1.0
0.018667304434877838,1.0
0.018767304434877837,1.0
0.018867304434877837,1.0
0.018967304434877836,1.0
0.019067304434877835,1.0
0.019167304434877835,1.0
0.0192493878178615,1.0
0.0193493878178615,1.0
0.0194493878178615,1.0
0.0195493878178615,1.0
0.019649387817861498,1.0
0.019749387817861497,1.0
0.019849387817861497,1.0
0.019949387817861496,1.0
0.020049387817861496,1.0
0.020149387817861495,1.0
0.020249387817861494,1.0
0.020349387817861494,1.0
0.020449387817861493,1.0
0.020549387817861493,1.0
0.020649387817861492,1.0
0.02074938781786149,1.0
0.02084938781786149,1.0
0.02094938781786149,1.0
0.02104938781786149,1.0
0.02114938781786149,1.0
0.02124938781786149,1.0
0.021349387817861488,1.0
0.021449387817861487,1.0
0.021549387817861487,1.0
0.021649387817861486,1.0
0.021749387817861485,1.0
0.021849387817861485,1.0
0.021930392846028036,1.0
0.022030392846028035,1.0
0.022130392846028035,1.0
0.022230392846028034,1.0
0.022330392846028033,1.0
0.022430392846028033,1.0
0.022530392846028032,1.0
0.02263039284602803,1.0
0.02273039284602803,1.0
0.02283039284602803,1.0
0.02293039284602803,1.0
0.02303039284602803,1.0
0.02313039284602803,1.0
0.023230392846028028,1.0
0.023330392846028027,1.0
0.023430392846028027,1.0
0.023530392846028026,1.0
0.023630392846028025,1.0
0.023730392846028025,1.0
0.023830392846028024,1.0
0.023930392846028024,1.0
0.024030392846028023,1.0
0.024130392846028022,1.0
0.024230392846028022,1.0
0.02433039284602802,1.0
0.02443039284602802,1.0
0.02453039284602802,1.0
0.02463039284602802,1.0
0.02473039284602802,1.0
0.024830392846028018,1.0
0.024930392846028018,1.0
0.025030392846028017,1.0
0.025130392846028016,1.0
0.025230392846028016,1.0
0.025330392846028015,1.0
0.025430392846028015,1.0
0.025530392846028014,1.0
0.025630392846028013,1.0
0.025730392846028013,1.0
0.025830392846028012,1.0
0.02593039284602801,1.0
0.02603039284602801,1.0
0.02613039284602801,1.0
0.02623039284602801,1.0
0.02633039284602801,1.0
0.02643039284602801,1.0
0.026530392846028008,1.0
0.026630392846028007,1.0
0.026730392846028007,1.0
0.026830392846028006,1.0
0.026930392846028006,1.0
0.027030392846028005,1.0
0.027130392846028004,1.0
0.027230392846028004,1.0
0.027330392846028003,1.0
0.027430392846028002,1.0
0.027530392846028002,1.0
0.027630392846028,1.0
0.027730392846028,1.0
0.027830392846028,1.0
0.027930392846028,1.0
0.028030392846028,1.0
0.028130392846027998,1.0
0.028230392846027998,1.0
0.028330392846027997,1.0
0.028430392846027996,1.0
0.028530392846027996,1.0
0.028630392846027995,1.0
0.028730392846027995,1.0
0.028830392846027994,1.0
0.028930392846027993,1.0
0.02901255733352154,1.0
0.02911255733352154,1.0
0.02921255733352154,1.0
0.02931255733352154,1.0
0.02941255733352154,1.0
0.02951255733352154,1.0
0.029612557333521538,1.0
0.029712557333521537,1.0
0.029812557333521537,1.0
0.029912557333521536,1.0
0.030012557333521536,1.0
0.030112557333521535,1.0
0.030212557333521534,1.0
0.030312557333521534,1.0
0.030412557333521533,1.0
0.030495845855394218,1.0
0.030595845855394217,1.0
0.030695845855394217,1.0
0.030795845855394216,1.0
0.030895845855394215,1.0
0.030995845855394215,1.0
0.031095845855394214,1.0
0.031195845855394214,1.0
0.031295845855394216,1.0
0.03139584585539422,1.0
0.03149584585539422,1.0
0.031595845855394225,1.0
0.03169584585539423,1.0
0.03179584585539423,1.0
0.031895845855394234,1.0
0.03199584585539424,1.0
0.03209584585539424,1.0
0.03219584585539424,1.0
0.032295845855394245,1.0
0.03239584585539425,1.0
0.03249584585539425,1.0
0.032595845855394254,1.0
0.03269584585539426,1.0
0.03279584585539426,1.0
0.03289584585539426,1.0
0.032995845855394265,1.0
0.03309584585539427,1.0
0.03319584585539427,1.0
0.033295845855394274,1.0
0.03339584585539428,1.0
0.03349584585539428,1.0
0.03359584585539428,1.0
0.033695845855394285,1.0
0.03379584585539429,1.0
0.03389584585539429,1.0
0.033995845855394294,1.0
0.0340958458553943,1.0
0.0341958458553943,1.0
0.0342958458553943,1.0
0.034395845855394305,1.0
0.03449584585539431,1.0
0.03459584585539431,1.0
0.034695845855394314,1.0
0.03479584585539432,1.0
0.03489584585539432,1.0
0.03499584585539432,1.0
0.035095845855394325,1.0
0.03519584585539433,1.0
0.03529584585539433,1.0
0.035395845855394334,1.0
0.03549584585539434,1.0
0.03559584585539434,1.0
0.03569584585539434,1.0
0.035795845855394345,1.0
0.03589584585539435,1.0
0.03599584585539435,1.0
0.03607912028471102,1.0
0.03617912028471102,1.0
0.036279120284711024,1.0
0.036379120284711026,1.0
0.03647912028471103,1.0
0.03657912028471103,1.0
0.036679120284711035,1.0
0.03677912028471104,1.0
0.03687912028471104,1.0
0.036979120284711044,1.0
0.03707912028471105,1.0
0.03717912028471105,1.0
0.03727912028471105,1.0
0.03735875244144251,1.0
0.03745875244144251,1.0
0.037558752441442515,1.0
0.03765875244144252,1.0
0.03775875244144252,1.0
0.037858752441442524,1.0
0.03795875244144253,1.0
0.03805875244144253,1.0
0.03815875244144253,1.0
0.038258752441442535,1.0
0.03835875244144254,1.0
0.03845875244144254,1.0
0.038558752441442544,1.0
0.03865875244144255,1.0
0.03875875244144255,1.0
0.03885875244144255,1.0
0.038958752441442555,1.0
0.03905875244144256,1.0
0.03915875244144256,1.0
0.039258752441442564,1.0
0.03935875244144257,1.0
0.03945875244144257,1.0
0.03955875244144257,1.0
0.039658752441442575,1.0
0.03975875244144258,1.0
0.03985875244144258,1.0
0.039958752441442584,1.0
0.04005875244144259,1.0
0.04015875244144259,1.0
0.04025875244144259,1.0
0.040358752441442595,1.0
0.0404587524414426,1.0
0.0405587524414426,1.0
0.040658752441442604,1.0
0.04075875244144261,1.0
0.04085875244144261,1.0
0.04095875244144261,1.0
0.041058752441442616,1.0
0.04115875244144262,1.0
0.04125875244144262,1.0
0.041358752441442624,1.0
0.04145875244144263,1.0
0.04155875244144263,1.0
0.04165875244144263,1.0
0.041758752441442636,1.0
0.04185875244144264,1.0
0.04195875244144264,1.0
0.042058752441442644,1.0
0.04215875244144265,1.0
0.04225875244144265,1.0
0.04235875244144265,1.0
0.042458752441442656,1.0
0.04255875244144266,1.0
0.04265875244144266,1.0
0.042758752441442664,1.0
0.04285875244144267,1.0
0.04295875244144267,1.0
0.04305875244144267,1.0
0.043158752441442676,1.0
0.04325875244144268,1.0
0.04335875244144268,1.0
0.043458752441442684,1.0
0.04355875244144269,1.0
0.04365875244144269,1.0
0.04375875244144269,1.0
0.043858752441442696,1.0
0.0439587524414427,1.0
0.0440587524414427,1.0
0.044158752441442704,1.0
0.04425875244144271,1.0
0.04435875244144271,1.0
0.04445875244144271,1.0
0.044558752441442716,1.0
0.04465875244144272,1.0
0.04475875244144272,1.0
0.044858752441442724,1.0
0.04495875244144273,1.0
0.04505875244144273,1.0
0.04515875244144273,1.0
0.045258752441442736,1.0
0.04535875244144274,1.0
0.04545875244144274,1.0
0.045558752441442744,1.0
0.04565875244144275,1.0
0.04575875244144275,1.0
0.04585875244144275,1.0
0.045958752441442756,1.0
0.04605875244144276,1.0
0.04615875244144276,1.0
0.046258752441442764,1.0
0.04635875244144277,1.0
0.04645875244144277,1.0
0.04655875244144277,1.0
0.046658752441442776,1.0
0.04675875244144278,1.0
0.04685875244144278,1.0
0.046958752441442785,1.0
0.04705875244144279,1.0
0.04715875244144279,1.0
0.04725875244144279,1.0
0.047358752441442796,1.0
0.0474587524414428,1.0
0.0475587524414428,1.0
0.047658752441442805,1.0
0.04775875244144281,1.0
0.04785875244144281,1.0
0.04795875244144281,1.0
0.048058752441442816,1.0
0.04815875244144282,1.0
0.04825875244144282,1.0
0.048358752441442825,1.0
0.04845875244144283,1.0
0.04855875244144283,1.0
0.04865875244144283,1.0
0.048758752441442836,1.0
0.04885875244144284,1.0
0.04895875244144284,1.0
0.049058752441442845,1.0
0.04915875244144285,1.0
0.04925875244144285,1.0
0.04935875244144285,1.0
0.049458752441442856,1.0
0.04955875244144286,1.0
0.04965875244144286,1.0
0.049758752441442865,1.0
0.04985875244144287,1.0
0.04995875244144287,1.0
0.05005875244144287,1.0
0.050158752441442876,1.0
0.05025875244144288,1.0
0.05035875244144288,1.0
0.050458752441442885,1.0
0.05055875244144289,1.0
0.05065875244144289,1.0
0.05075875244144289,1.0
0.050858752441442896,1.0
0.0509587524414429,1.0
0.0510587524414429,1.0
0.051158752441442905,1.0
0.05125875244144291,1.0
0.05135875244144291,1.0
0.05145875244144291,1.0
0.051558752441442916,1.0
0.05165875244144292,1.0
0.05175875244144292,1.0
0.051858752441442925,1.0
0.05195875244144293,1.0
0.05205875244144293,1.0
0.052158752441442933,1.0
0.052258752441442936,1.0
0.05235875244144294,1.0
0.05245875244144294,1.0
0.052558752441442945,1.0
0.05265875244144295,1.0
0.05275875244144295,1.0
0.052858752441442954,1.0
0.052958752441442956,1.0
0.05305875244144296,1.0
0.05315875244144296,1.0
0.053258752441442965,1.0
0.05335875244144297,1.0
0.05345875244144297,1.0
0.053558752441442974,1.0
0.053658752441442976,1.0
0.05375875244144298,1.0
0.05385875244144298,1.0
0.053958752441442985,1.0
0.05405875244144299,1.0
0.05415875244144299,1.0
0.054258752441442994,1.0
0.054358752441442997,1.0
0.054458752441443,1.0
0.054558752441443,1.0
0.054658752441443005,1.0
0.05475875244144301,1.0
0.05485875244144301,1.0
0.054958752441443014,1.0
0.05505875244144302,1.0
0.05515875244144302,1.0
0.05525875244144302,1.0
0.055358752441443025,1.0
0.05545875244144303,1.0
0.05555875244144303,1.0
0.055658752441443034,1.0
0.05575875244144304,1.0
0.05585875244144304,1.0
0.05595875244144304,1.0
0.056058752441443045,1.0
0.05615875244144305,1.0
0.05625875244144305,1.0
0.056358752441443054,1.0
0.05645875244144306,1.0
0.05655875244144306,1.0
0.05665875244144306,1.0
0.056758752441443065,1.0
0.05685875244144307,1.0
0.05695875244144307,1.0
0.057058752441443074,1.0
0.05715875244144308,1.0
0.05725875244144308,1.0
0.05735875244144308,1.0
0.057458752441443085,1.0
0.05755875244144309,1.0
0.05765875244144309,1.0
0.057758752441443094,1.0
0.0578587524414431,1.0
0.0579587524414431,1.0
0.0580587524414431,1.0
0.058158752441443105,1.0
0.05825875244144311,1.0
0.05835875244144311,1.0
0.058458752441443114,1.0
0.05855875244144312,1.0
0.05865875244144312,1.0
0.05875875244144312,1.0
0.058858752441443125,1.0
0.05895875244144313,1.0
0.05905875244144313,1.0
0.059158752441443134,1.0
0.05925875244144314,1.0
0.05935875244144314,1.0
0.05945875244144314,1.0
0.059558752441443145,1.0
0.05965875244144315,1.0
0.05975875244144315,1.0
0.059858752441443154,1.0
0.05995875244144316,1.0
0.06005875244144316,1.0
0.060141817515480825,1.0
0.06024181751548083,1.0
0.06034181751548083,1.0
0.060441817515480833,1.0
0.060541817515480836,1.0
0.06064181751548084,1.0
0.06074181751548084,1.0
0.060841817515480845,1.0
0.06094181751548085,1.0
0.06104181751548085,1.0
0.061141817515480854,1.0
0.061241817515480856,1.0
0.06134181751548086,1.0
0.06144181751548086,1.0
0.061541817515480865,1.0
0.06164181751548087,1.0
0.06174181751548087,1.0
0.061841817515480874,1.0
0.061941817515480876,1.0
0.06204181751548088,1.0
0.06214181751548088,1.0
0.062241817515480885,1.0
0.06234181751548089,1.0
0.06244181751548089,1.0
0.0625418175154809,1.0
0.0626418175154809,1.0
0.0627418175154809,1.0
0.0628418175154809,1.0
0.0629418175154809,1.0
0.06304181751548091,1.0
0.06314181751548091,1.0
0.06324181751548091,1.0
0.06334181751548092,1.0
0.06344181751548092,1.0
0.06354181751548092,1.0
0.06364181751548093,1.0
0.06374181751548093,1.0
0.06384181751548093,1.0
0.06394181751548093,1.0
0.06404181751548094,1.0
0.06414181751548094,1.0
0.06424181751548094,1.0
0.06434181751548095,1.0
0.06441790872720604,1.0
0.06451790872720604,1.0
0.06461790872720605,1.0
0.06471790872720605,1.0
0.06481790872720605,1.0
0.06491790872720606,1.0
0.06500081652285335,1.0
0.06510081652285335,1.0
0.06520081652285335,1.0
0.06530081652285336,1.0
0.06540081652285336,1.0
0.06550081652285336,1.0
0.06560081652285336,1.0
0.06570081652285337,1.0
0.06580081652285337,1.0
0.06590081652285337,1.0
0.06600081652285338,1.0
0.06610081652285338,1.0
0.06620081652285338,1.0
0.06630081652285338,1.0
0.06640081652285339,1.0
0.06650081652285339,1.0
0.06660081652285339,1.0
0.0667008165228534,1.0
0.0668008165228534,1.0
0.0669008165228534,1.0
0.0670008165228534,1.0
0.06710081652285341,1.0
0.06720081652285341,1.0
0.06730081652285341,1.0
0.06740081652285342,1.0
0.06750081652285342,1.0
0.06760081652285342,1.0
0.06770081652285342,1.0
0.06780081652285343,1.0
0.06790081652285343,1.0
0.06800081652285343,1.0
0.06810081652285344,1.0
0.06820081652285344,1.0
0.06830081652285344,1.0
0.06840081652285344,1.0
0.06850081652285345,1.0
0.06860081652285345,1.0
0.06870081652285345,1.0
0.06880081652285346,1.0
0.06890081652285346,1.0
0.06900081652285346,1.0
0.06910081652285346,1.0
0.06920081652285347,1.0
0.06930081652285347,1.0
0.06940081652285347,1.0
0.06950081652285348,1.0
0.06960081652285348,1.0
0.06970081652285348,1.0
0.06980081652285348,1.0
0.06990081652285349,1.0
0.07000081652285349,1.0
0.07010081652285349,1.0
0.0702008165228535,1.0
0.0703008165228535,1.0
0.0704008165228535,1.0
0.0705008165228535,1.0
0.07060081652285351,1.0
0.07070081652285351,1.0
0.07080081652285351,1.0
0.07090081652285352,1.0
0.07100081652285352,1.0
0.07110081652285352,1.0
0.07120081652285352,1.0
0.07130081652285353,1.0
0.07140081652285353,1.0
0.07150081652285353,1.0
0.07160081652285354,1.0
0.07170081652285354,1.0
0.07180081652285354,1.0
0.07190081652285354,1.0
0.07200081652285355,1.0
0.07210081652285355,1.0
0.07220081652285355,1.0
0.07230081652285356,1.0
0.07240081652285356,1.0
0.07250081652285356,1.0
0.07260081652285356,1.0
0.07270081652285357,1.0
0.07280081652285357,1.0
0.07290081652285357,1.0
0.07300081652285358,1.0
0.07310081652285358,1.0
0.07320081652285358,1.0
0.07330081652285358,1.0
0.07340081652285359,1.0
0.07350081652285359,1.0
0.0736008165228536,1.0
0.0737008165228536,1.0
0.0738008165228536,1.0
0.0739008165228536,1.0
0.0740008165228536,1.0
0.07410081652285361,1.0
0.07420081652285361,1.0
0.07430081652285361,1.0
0.07440081652285362,1.0
0.07450081652285362,1.0
0.07460081652285362,1.0
0.07470081652285362,1.0
0.07480081652285363,1.0
0.07490081652285363,1.0
0.0749794821015719,1.0
0.07507359479853926,1.0
0.07517359479853926,1.0
0.07527359479853926,1.0
0.07537359479853926,1.0
0.07547359479853927,1.0
0.07557359479853927,1.0
0.07567359479853927,1.0
0.07577359479853928,1.0
0.07587359479853928,1.0
0.07597359479853928,1.0
0.07607359479853928,1.0
0.07617359479853929,1.0
0.07627359479853929,1.0
0.0763735947985393,1.0
0.0764735947985393,1.0
0.0765735947985393,1.0
0.0766735947985393,1.0
0.0767735947985393,1.0
0.07687359479853931,1.0
0.07697359479853931,1.0
0.07707359479853931,1.0
0.07717359479853932,1.0
0.07727359479853932,1.0
0.07737359479853932,1.0
0.07747359479853932,1.0
0.07757359479853933,1.0
0.07767359479853933,1.0
0.07777359479853933,1.0
0.07787359479853934,1.0
0.07797359479853934,1.0
0.07807359479853934,1.0
0.07817359479853934,1.0
0.07827359479853935,1.0
0.07837359479853935,1.0
0.07847359479853935,1.0
0.07857359479853936,1.0
0.07867359479853936,1.0
0.07877359479853936,1.0
0.07887359479853936,1.0
0.07897359479853937,1.0
0.07907359479853937,1.0
0.07917359479853937,1.0
0.07927359479853938,1.0
0.07935272946604054,1.0
0.07945272946604054,1.0
0.07955272946604054,1.0
0.07965272946604054,1.0
0.07975272946604055,1.0
0.07985272946604055,1.0
0.07995272946604055,1.0
0.08005272946604056,1.0
0.08013562330676706,1.0
0.08023562330676706,1.0
0.08033562330676706,1.0
0.08043562330676707,1.0
0.08053562330676707,1.0
0.08063562330676707,1.0
0.08073562330676708,1.0
0.08083562330676708,1.0
0.08093562330676708,1.0
0.08103562330676709,1.0
0.08113562330676709,1.0
0.08123562330676709,1.0
0.0813356233067671,1.0
0.0814356233067671,1.0
0.0815356233067671,1.0
0.0816356233067671,1.0
0.0817356233067671,1.0
0.08183562330676711,1.0
0.08193562330676711,1.0
0.08203562330676711,1.0
0.08213562330676712,1.0
0.08223562330676712,1.0
0.08233562330676712,1.0
0.08243562330676713,1.0
0.08253562330676713,1.0
0.08263562330676713,1.0
0.08273562330676713,1.0
0.08283562330676714,1.0
0.08293562330676714,1.0
0.08303562330676714,1.0
0.08313562330676715,1.0
0.08323562330676715,1.0
0.08333562330676715,1.0
0.08343562330676715,1.0
0.08353562330676716,1.0
0.08363562330676716,1.0
0.08373562330676716,1.0
0.08383562330676717,1.0
0.08393562330676717,1.0
0.08403562330676717,1.0
0.08413562330676717,1.0
0.08423562330676718,1.0
0.08433562330676718,1.0
0.08443562330676718,1.0
0.08453562330676719,1.0
0.08463562330676719,1.0
0.08473562330676719,1.0
0.0848356233067672,1.0
0.0849356233067672,1.0
0.0850356233067672,1.0
0.0851356233067672,1.0
0.0852356233067672,1.0
0.08533562330676721,1.0
0.08543562330676721,1.0
0.08553562330676721,1.0
0.08563562330676722,1.0
0.0857144436390431,1.0
0.0858131259917048,1.0
0.08591312599170481,1.0
0.08601312599170481,1.0
0.08611312599170481,1.0
0.08621312599170482,1.0
0.08631312599170482,1.0
0.08641312599170482,1.0
0.08651312599170483,1.0
0.08661312599170483,1.0
0.08671312599170483,1.0
0.08681312599170483,1.0
0.08691312599170484,1.0
0.08701312599170484,1.0
0.08711312599170484,1.0
0.08721312599170485,1.0
0.08731312599170485,1.0
0.08741312599170485,1.0
0.08751312599170485,1.0
0.08761312599170486,1.0
0.08771312599170486,1.0
0.08781312599170486,1.0
0.08791312599170487,1.0
0.08801312599170487,1.0
0.08811312599170487,1.0
0.08821312599170487,1.0
0.08831312599170488,1.0
0.08841312599170488,1.0
0.08851312599170488,1.0
0.08861312599170489,1.0
0.08871312599170489,1.0
0.08881312599170489,1.0
0.0889131259917049,1.0
0.0890131259917049,1.0
0.0891131259917049,1.0
0.0892131259917049,1.0
0.0893131259917049,1.0
0.08941312599170491,1.0
0.08951312599170491,1.0
0.08961312599170491,1.0
0.08971312599170492,1.0
0.08981312599170492,1.0
0.08991312599170492,1.0
0.09001312599170493,1.0
0.09011312599170493,1.0
0.09021312599170493,1.0
0.09031312599170493,1.0
0.09041312599170494,1.0
0.09051312599170494,1.0
0.09061312599170494,1.0
0.09071312599170495,1.0
0.09081312599170495,1.0
0.09091312599170495,1.0
0.09101312599170495,1.0
0.09111312599170496,1.0
0.09121312599170496,1.0
0.09131312599170496,1.0
0.09141312599170497,1.0
0.09151312599170497,1.0
0.09161312599170497,1.0
0.09171312599170497,1.0
0.09181312599170498,1.0
0.09191312599170498,1.0
0.09201312599170498,1.0
0.09211312599170499,1.0
0.09221312599170499,1.0
0.09231312599170499,1.0
0.092413125991705,1.0
0.092513125991705,1.0
0.092613125991705,1.0
0.092713125991705,1.0
0.092813125991705,1.0
0.09291312599170501,1.0
0.09301312599170501,1.0
0.09311312599170501,1.0
0.09321312599170502,1.0
0.09331312599170502,1.0
0.09341312599170502,1.0
0.09351312599170503,1.0
0.09361312599170503,1.0
0.09371312599170503,1.0
0.09381312599170503,1.0
0.09391312599170504,1.0
0.09401312599170504,1.0
0.09411312599170504,1.0
0.09421312599170505,1.0
0.09431312599170505,1.0
0.09441312599170505,1.0
0.09451312599170505,1.0
0.09461312599170506,1.0
0.09471312599170506,1.0
0.09481312599170506,1.0
0.09491312599170507,1.0
0.09501312599170507,1.0
0.09511312599170507,1.0
0.09521312599170507,1.0
0.09531312599170508,1.0
0.09541312599170508,1.0
0.09551312599170508,1.0
0.09561312599170509,1.0
0.09571312599170509,1.0
0.09581312599170509,1.0
0.0959131259917051,1.0
0.0960131259917051,1.0
0.0961131259917051,1.0
0.0962131259917051,1.0
0.0963131259917051,1.0
0.09641312599170511,1.0
0.09651312599170511,1.0
0.09661312599170511,1.0
0.09671312599170512,1.0
0.09681312599170512,1.0
0.09691312599170512,1.0
0.09701312599170513,1.0
0.09711312599170513,1.0
0.09721312599170513,1.0
0.09731312599170513,1.0
0.09741312599170514,1.0
0.09751312599170514,1.0
0.09761312599170514,1.0
0.09771312599170515,1.0
0.09781312599170515,1.0
0.09791312599170515,1.0
0.09801312599170516,1.0
0.09811312599170516,1.0
0.09821312599170516,1.0
0.09831312599170516,1.0
0.09841312599170517,1.0
0.09851312599170517,1.0
0.09861312599170517,1.0
0.09871312599170518,1.0
0.09881312599170518,1.0
0.09891312599170518,1.0
0.09901312599170518,1.0
0.09911312599170519,1.0
0.09921312599170519,1.0
0.09931312599170519,1.0
0.0994131259917052,1.0
0.0995131259917052,1.0
0.0996131259917052,1.0
0.0997131259917052,1.0
0.0998131259917052,1.0
0.09991312599170521,1.0
0.10001312599170521,1.0
0.10011312599170522,1.0
0.10021312599170522,1.0
0.10031312599170522,1.0
0.10041312599170522,1.0
0.10051312599170523,1.0
0.10061312599170523,1.0
0.10071312599170523,1.0
0.10081312599170524,1.0
0.10091312599170524,1.0
0.10101312599170524,1.0
0.10111312599170524,1.0
0.10121312599170525,1.0
0.10131312599170525,1.0
0.10141312599170525,1.0
0.10151312599170526,1.0
0.10161312599170526,1.0
0.10171312599170526,1.0
0.10181312599170526,1.0
0.10191312599170527,1.0
0.10201312599170527,1.0
0.10211312599170527,1.0
0.10221312599170528,1.0
0.10231312599170528,1.0
0.10241312599170528,1.0
0.10251312599170528,1.0
0.10261312599170529,1.0
0.10271312599170529,1.0
0.10281312599170529,1.0
0.1029131259917053,1.0
0.1030131259917053,1.0
0.1031131259917053,1.0
0.1032131259917053,1.0
0.1033131259917053,1.0
0.10341312599170531,1.0
0.10351312599170531,1.0
0.10361312599170532,1.0
0.10371312599170532,1.0
0.10381312599170532,1.0
0.10391312599170532,1.0
0.10401312599170533,1.0
0.10411312599170533,1.0
0.10421312599170533,1.0
0.10431312599170534,1.0
0.10441312599170534,1.0
0.10451312599170534,1.0
0.10461312599170534,1.0
0.10471312599170535,1.0
0.10481312599170535,1.0
0.10491312599170535,1.0
0.10501312599170536,1.0
0.10509480214195772,1.0
0.10519480214195773,1.0
0.10529480214195773,1.0
0.10539480214195773,1.0
0.10549480214195774,1.0
0.10559480214195774,1.0
0.10569480214195774,1.0
0.10579480214195774,1.0
0.10589480214195775,1.0
0.10599480214195775,1.0
0.10609480214195775,1.0
0.10619480214195776,1.0
0.10629480214195776,1.0
0.10639480214195776,1.0
0.10649480214195776,1.0
0.10659480214195777,1.0
0.10669480214195777,1.0
0.10679480214195777,1.0
0.10689480214195778,1.0
0.10699480214195778,1.0
0.10709480214195778,1.0
0.10719480214195778,1.0
0.10729480214195779,1.0
0.10739480214195779,1.0
0.1074948021419578,1.0
0.1075948021419578,1.0
0.1076948021419578,1.0
0.1077948021419578,1.0
0.1078948021419578,1.0
0.10799480214195781,1.0
0.10809480214195781,1.0
0.10819480214195781,1.0
0.10829480214195782,1.0
0.10837708295977153,1.0
0.10847708295977153,1.0
0.10857708295977153,1.0
0.10867708295977153,1.0
0.10876015196381784,1.0
0.10886015196381785,1.0
0.10896015196381785,1.0
0.10906015196381785,1.0
0.10916015196381786,1.0
0.10926015196381786,1.0
0.10936015196381786,1.0
0.10946015196381786,1.0
0.10956015196381787,1.0
0.10966015196381787,1.0
0.10976015196381787,1.0
0.10986015196381788,1.0
0.10996015196381788,1.0
0.11006015196381788,1.0
0.11016015196381788,1.0
0.11026015196381789,1.0
0.11036015196381789,1.0
0.11046015196381789,1.0
0.1105601519638179,1.0
0.1106601519638179,1.0
0.1107601519638179,1.0
0.1108601519638179,1.0
0.11096015196381791,1.0
0.11106015196381791,1.0
0.11116015196381791,1.0
0.11126015196381792,1.0
0.11136015196381792,1.0
0.11146015196381792,1.0
0.11156015196381792,1.0
0.11166015196381793,1.0
0.11176015196381793,1.0
0.11186015196381793,1.0
0.11196015196381794,1.0
0.11206015196381794,1.0
0.11216015196381794,1.0
0.11224304346552957,1.0
0.11234304346552958,1.0
0.11244304346552958,1.0
0.11254304346552958,1.0
0.11264304346552959,1.0
0.11274304346552959,1.0
0.11284304346552959,1.0
0.1129430434655296,1.0
0.1130430434655296,1.0
0.1131430434655296,1.0
0.1132430434655296,1.0
0.1133430434655296,1.0
0.11344304346552961,1.0
0.11354304346552961,1.0
0.11364304346552961,1.0
0.11374304346552962,1.0
0.11384304346552962,1.0
0.11394304346552962,1.0
0.11404304346552963,1.0
0.11414304346552963,1.0
0.11424304346552963,1.0
0.11434304346552963,1.0
0.11444304346552964,1.0
0.11454304346552964,1.0
0.11464304346552964,1.0
0.11474304346552965,1.0
0.11484304346552965,1.0
0.11494304346552965,1.0
0.11504304346552965,1.0
0.11514304346552966,1.0
0.11524304346552966,1.0
0.11534304346552966,1.0
0.11544304346552967,1.0
0.11554304346552967,1.0
0.11564304346552967,1.0
0.11574304346552967,1.0
0.11584304346552968,1.0
0.11594304346552968,1.0
0.11604304346552968,1.0
0.11614304346552969,1.0
0.11624304346552969,1.0
0.11634304346552969,1.0
0.1164430434655297,1.0
0.1165430434655297,1.0
0.1166430434655297,1.0
0.1167430434655297,1.0
0.1168430434655297,1.0
0.11694304346552971,1.0
0.11704304346552971,1.0
0.11714304346552971,1.0
0.11724304346552972,1.0
0.11734304346552972,1.0
0.11744304346552972,1.0
0.11754304346552973,1.0
0.11764304346552973,1.0
0.11774304346552973,1.0
0.11784304346552973,1.0
0.11794304346552974,1.0
0.11804304346552974,1.0
0.11814304346552974,1.0
0.11824304346552975,1.0
0.11834304346552975,1.0
0.11844304346552975,1.0
0.11854304346552975,1.0
0.11864304346552976,1.0
0.11874304346552976,1.0
0.11884304346552976,1.0
0.11894304346552977,1.0
0.11904304346552977,1.0
0.11914304346552977,1.0
0.11924304346552977,1.0
0.11934304346552978,1.0
0.11944304346552978,1.0
0.11954304346552978,1.0
0.11964304346552979,1.0
0.11974304346552979,1.0
0.11984304346552979,1.0
0.1199430434655298,1.0
0.1200430434655298,1.0
0.1201430434655298,1.0
0.1202430434655298,1.0
0.1203430434655298,1.0
0.12044304346552981,1.0
0.12054304346552981,1.0
0.12064304346552981,1.0
0.12074304346552982,1.0
0.12084304346552982,1.0
0.12094304346552982,1.0
0.12104304346552983,1.0
0.12114304346552983,1.0
0.12124304346552983,1.0
0.12134304346552983,1.0
0.12144304346552984,1.0
0.12154304346552984,1.0
0.12164304346552984,1.0
0.12174304346552985,1.0
0.12184304346552985,1.0
0.12194304346552985,1.0
0.12204304346552985,1.0
0.12214304346552986,1.0
0.12224304346552986,1.0
0.12234304346552986,1.0
0.12244304346552987,1.0
0.12254304346552987,1.0
0.12264304346552987,1.0
0.12274304346552987,1.0
0.12284304346552988,1.0
0.12294304346552988,1.0
0.12304304346552988,1.0
0.12314304346552989,1.0
0.12324304346552989,1.0
0.12334304346552989,1.0
0.1234430434655299,1.0
0.1235430434655299,1.0
0.1236430434655299,1.0
0.1237430434655299,1.0
0.1238430434655299,1.0
0.12394304346552991,1.0
0.12404304346552991,1.0
0.12414304346552991,1.0
0.12424304346552992,1.0
0.12434304346552992,1.0
0.12444304346552992,1.0
0.12454304346552993,1.0
0.12464304346552993,1.0
0.12474304346552993,1.0
0.12484304346552993,1.0
0.12494304346552994,1.0
0.12504304346552994,1.0
0.12514304346552993,1.0
0.12524304346552992,1.0
0.1253430434655299,1.0
0.1254430434655299,1.0
0.12554304346552989,1.0
0.12564304346552987,1.0
0.12574304346552986,1.0
0.12584304346552985,1.0
0.12594304346552984,1.0
0.12604304346552983,1.0
0.12614304346552982,1.0
0.1262430434655298,1.0
0.1263430434655298,1.0
0.1264430434655298,1.0
0.12654304346552978,1.0
0.12664304346552976,1.0
0.12674304346552975,1.0
0.12684304346552974,1.0
0.12694304346552973,1.0
0.12704304346552972,1.0
0.1271430434655297,1.0
0.1272430434655297,1.0
0.1273430434655297,1.0
0.12744304346552968,1.0
0.12754304346552967,1.0
0.12764304346552965,1.0
0.12774304346552964,1.0
0.12784304346552963,1.0
0.12792627589352842,1.0
0.1280262758935284,1.0
0.1281262758935284,1.0
0.1282262758935284,1.0
0.12832627589352838,1.0
0.12842627589352837,1.0
0.12852627589352836,1.0
0.12862627589352835,1.0
0.12872627589352834,1.0
0.12882627589352832,1.0
0.1289262758935283,1.0
0.1290262758935283,1.0
0.1291262758935283,1.0
0.12922627589352828,1.0
0.12932627589352827,1.0
0.12942627589352826,1.0
0.12952627589352825,1.0
0.12962627589352824,1.0
0.12972627589352823,1.0
0.12982627589352821,1.0
0.1299262758935282,1.0
0.1300262758935282,1.0
0.13012627589352818,1.0
0.13022627589352817,1.0
0.13032627589352816,1.0
0.13042627589352815,1.0
0.13052627589352814,1.0
0.13062627589352813,1.0
0.13072627589352812,1.0
0.1308262758935281,1.0
0.1309262758935281,1.0
0.13102627589352808,1.0
0.13112627589352807,1.0
0.13122627589352806,1.0
0.13132627589352805,1.0
0.13142627589352804,1.0
0.13152627589352803,1.0
0.13162627589352802,1.0
0.131726275893528,1.0
0.131826275893528,1.0
0.13192627589352798,1.0
0.13202627589352797,1.0
0.13212627589352796,1.0
0.13222627589352795,1.0
0.13232627589352794,1.0
0.13242627589352793,1.0
0.13252627589352792,1.0
0.1326262758935279,1.0
0.1327262758935279,1.0
0.13282627589352788,1.0
0.13292627589352787,1.0
0.13302627589352786,1.0
0.13312627589352785,1.0
0.13322627589352784,1.0
0.13332627589352783,1.0
0.13342627589352782,1.0
0.1335262758935278,1.0
0.1336262758935278,1.0
0.13372627589352779,1.0
0.13382627589352777,1.0
0.13392627589352776,1.0
0.13402627589352775,1.0
0.13412627589352774,1.0
0.13422627589352773,1.0
0.13432627589352772,1.0
0.1344262758935277,1.0
0.1345262758935277,1.0
0.13462627589352769,1.0
0.13472627589352767,1.0
0.13482627589352766,1.0
0.13492627589352765,1.0
0.13502627589352764,1.0
0.13512627589352763,1.0
0.13522627589352762,1.0
0.1353262758935276,1.0
0.1354262758935276,1.0
0.1355262758935276,1.0
0.13562627589352758,1.0
0.13572627589352756,1.0
0.13582627589352755,1.0
0.13592627589352754,1.0
0.13602627589352753,1.0
0.13612627589352752,1.0
0.1362262758935275,1.0
0.1363262758935275,1.0
0.1364262758935275,1.0
0.13652627589352748,1.0
0.13662627589352747,1.0
0.13672627589352745,1.0
0.13682627589352744,1.0
0.13692627589352743,1.0
0.13702627589352742,1.0
0.1371262758935274,1.0
0.1372262758935274,1.0
0.1373262758935274,1.0
0.13742627589352738,1.0
0.13752627589352737,1.0
0.13762627589352736,1.0
0.13772627589352734,1.0
0.13782627589352733,1.0
0.13792627589352732,1.0
0.1380262758935273,1.0
0.1381262758935273,1.0
0.1382262758935273,1.0
0.13832627589352728,1.0
0.13842627589352727,1.0
0.13852627589352726,1.0
0.13862627589352725,1.0
0.13872627589352723,1.0
0.13882627589352722,1.0
0.1389262758935272,1.0
0.1390262758935272,1.0
0.1391262758935272,1.0
0.13922627589352718,1.0
0.13932627589352717,1.0
0.13942627589352716,1.0
0.13952627589352715,1.0
0.13962627589352714,1.0
0.13972627589352712,1.0
0.1398262758935271,1.0
0.1399262758935271,1.0
0.1400262758935271,1.0
0.14012627589352708,1.0
0.14022627589352707,1.0
0.14032627589352706,1.0
0.14042627589352705,1.0
0.14052627589352704,1.0
0.14062627589352703,1.0
0.14072627589352701,1.0
0.140826275893527,1.0
0.140926275893527,1.0
0.14102627589352698,1.0
0.14112627589352697,1.0
0.14122627589352696,1.0
0.14132627589352695,1.0
0.14142627589352694,1.0
0.14152627589352693,1.0
0.14162627589352692,1.0
0.1417262758935269,1.0
0.1418262758935269,1.0
0.14192627589352688,1.0
0.14202627589352687,1.0
0.14212627589352686,1.0
0.14222627589352685,1.0
0.14232627589352684,1.0
0.14242627589352683,1.0
0.14252627589352682,1.0
0.1426262758935268,1.0
0.1427262758935268,1.0
0.14282627589352678,1.0
0.14292627589352677,1.0
0.14302627589352676,1.0
0.14312627589352675,1.0
0.14322627589352674,1.0
0.14332627589352673,1.0
0.14342627589352672,1.0
0.1435262758935267,1.0
0.1436262758935267,1.0
0.14372627589352668,1.0
0.14382627589352667,1.0
0.14392627589352666,1.0
0.14402627589352665,1.0
0.14412627589352664,1.0
0.14422627589352663,1.0
0.14432627589352662,1.0
0.1444262758935266,1.0
0.1445262758935266,1.0
0.14462627589352658,1.0
0.14472627589352657,1.0
0.14482627589352656,1.0
0.14492627589352655,1.0
0.14502627589352654,1.0
0.14512627589352653,1.0
0.14522627589352652,1.0
0.1453262758935265,1.0
0.1454262758935265,1.0
0.14552627589352649,1.0
0.14562627589352647,1.0
0.14572627589352646,1.0
0.14582627589352645,1.0
0.14592627589352644,1.0
0.14602627589352643,1.0
0.14612627589352642,1.0
0.1462262758935264,1.0
0.1463262758935264,1.0
0.1464262758935264,1.0
0.14652627589352638,1.0
0.14662627589352636,1.0
0.14672627589352635,1.0
0.14682627589352634,1.0
0.14692627589352633,1.0
0.14702627589352632,1.0
0.1471262758935263,1.0
0.1472262758935263,1.0
0.1473262758935263,1.0
0.14742627589352628,1.0
0.14752627589352627,1.0
0.14762627589352625,1.0
0.14772627589352624,1.0
0.14782627589352623,1.0
0.14792627589352622,1.0
0.1480262758935262,1.0
0.1481262758935262,1.0
0.1482262758935262,1.0
0.14832627589352618,1.0
0.14842627589352617,1.0
0.14852627589352616,1.0
0.14862627589352614,1.0
0.14872627589352613,1.0
0.14882627589352612,1.0
0.1489262758935261,1.0
0.1490262758935261,1.0
0.1491262758935261,1.0
0.14922627589352608,1.0
0.14932627589352607,1.0
0.14942627589352606,1.0
0.14952627589352604,1.0
0.14962627589352603,1.0
0.14972627589352602,1.0
0.149826275893526,1.0
0.149926275893526,1.0
0.150026275893526,1.0
0.15012627589352598,1.0
0.15022627589352597,1.0
0.15032627589352596,1.0
0.15042627589352595,1.0
0.15052627589352593,1.0
0.15062627589352592,1.0
0.1507262758935259,1.0
0.1508262758935259,1.0
0.1509262758935259,1.0
0.15102627589352588,1.0
0.15112627589352587,1.0
0.15122627589352586,1.0
0.15132627589352585,1.0
0.15142627589352584,1.0
0.15152627589352582,1.0
0.1516262758935258,1.0
0.1517262758935258,1.0
0.1518262758935258,1.0
0.15192627589352578,1.0
0.15202627589352577,1.0
0.15212627589352576,1.0
0.15222627589352575,1.0
0.15232627589352574,1.0
0.15242627589352573,1.0
0.15252627589352571,1.0
0.1526262758935257,1.0
0.1527262758935257,1.0
0.15282627589352568,1.0
0.15292627589352567,1.0
0.15302627589352566,1.0
0.15312627589352565,1.0
0.15322627589352564,1.0
0.15332627589352563,1.0
0.15342627589352562,1.0
0.1535262758935256,1.0
0.1536262758935256,1.0
0.15372627589352558,1.0
0.15382627589352557,1.0
0.15392627589352556,1.0
0.15402627589352555,1.0
0.15412627589352554,1.0
0.15422627589352553,1.0
0.15432627589352552,1.0
0.1544262758935255,1.0
0.1545262758935255,1.0
0.15462627589352548,1.0
0.15472627589352547,1.0
0.15482627589352546,1.0
0.15492627589352545,1.0
0.15502627589352544,1.0
0.15512627589352543,1.0
0.15522627589352542,1.0
0.1553262758935254,1.0
0.1554262758935254,1.0
0.15552627589352538,1.0
0.15562627589352537,1.0
0.15572627589352536,1.0
0.15582627589352535,1.0
0.15592627589352534,1.0
0.15602627589352533,1.0
0.15612627589352532,1.0
0.1562262758935253,1.0
0.1563262758935253,1.0
0.15642627589352529,1.0
0.15652627589352527,1.0
0.15662627589352526,1.0
0.15672627589352525,1.0
0.15682627589352524,1.0
0.15692627589352523,1.0
0.15702627589352522,1.0
0.1571262758935252,1.0
0.1572262758935252,1.0
0.15732627589352519,1.0
0.15742627589352517,1.0
0.15752627589352516,1.0
0.15762627589352515,1.0
0.15772627589352514,1.0
0.15782627589352513,1.0
0.15792627589352512,1.0
0.1580262758935251,1.0
0.1581262758935251,1.0
0.1582262758935251,1.0
0.15832627589352508,1.0
0.15842627589352506,1.0
0.15852627589352505,1.0
0.15862627589352504,1.0
0.15872627589352503,1.0
0.15882627589352502,1.0
0.158926275893525,1.0
0.159026275893525,1.0
0.159126275893525,1.0
0.15922627589352498,1.0
0.15932627589352497,1.0
0.15942627589352495,1.0
0.15952627589352494,1.0
0.15962627589352493,1.0
0.15972627589352492,1.0
0.1598262758935249,1.0
0.1599262758935249,1.0
0.1600262758935249,1.0
0.16012627589352488,1.0
0.16022627589352487,1.0
0.16032627589352486,1.0
0.16042627589352484,1.0
0.16052627589352483,1.0
0.16062627589352482,1.0
0.1607262758935248,1.0
0.1608262758935248,1.0
0.1609262758935248,1.0
0.16102627589352478,1.0
0.16112627589352477,1.0
0.16122627589352476,1.0
0.16132627589352475,1.0
0.16142627589352473,1.0
0.16152627589352472,1.0
0.1616262758935247,1.0
0.1617262758935247,1.0
0.1618262758935247,1.0
0.16192627589352468,1.0
0.16202627589352467,1.0
0.16212627589352466,1.0
0.16222627589352465,1.0
0.16232627589352464,1.0
0.16242627589352462,1.0
0.1625262758935246,1.0
0.1626262758935246,1.0
0.1627262758935246,1.0
0.16282627589352458,1.0
0.16292627589352457,1.0
0.16302627589352456,1.0
0.16312627589352455,1.0
0.16322627589352454,1.0
0.16332627589352453,1.0
0.16342627589352451,1.0
0.1635262758935245,1.0
0.1636262758935245,1.0
0.16372627589352448,1.0
0.16382627589352447,1.0
0.16392627589352446,1.0
0.16402627589352445,1.0
0.16412627589352444,1.0
0.16422627589352443,1.0
0.16432627589352441,1.0
0.1644262758935244,1.0
0.1645262758935244,1.0
0.16462627589352438,1.0
0.16472627589352437,1.0
0.16482627589352436,1.0
0.16492627589352435,1.0
0.16502627589352434,1.0
0.16512627589352433,1.0
0.16522627589352432,1.0
0.1653262758935243,1.0
0.1654262758935243,1.0
0.16552627589352428,1.0
0.16562627589352427,1.0
0.16572627589352426,1.0
0.16582627589352425,1.0
0.16592627589352424,1.0
0.16602627589352423,1.0
0.16612627589352422,1.0
0.1662262758935242,1.0
0.1663262758935242,1.0
0.16642627589352418,1.0
0.16652627589352417,1.0
0.16662627589352416,1.0
0.16672627589352415,1.0
0.16682627589352414,1.0
0.16692627589352413,1.0
0.16702627589352412,1.0
0.1671262758935241,1.0
0.1672262758935241,1.0
0.16732627589352408,1.0
0.16742627589352407,1.0
0.16752627589352406,1.0
0.16762627589352405,1.0
0.16772627589352404,1.0
0.16782627589352403,1.0
0.16792627589352402,1.0
0.168026275893524,1.0
0.168126275893524,1.0
0.16822627589352399,1.0
0.16832627589352397,1.0
0.16842627589352396,1.0
0.16852627589352395,1.0
0.16862627589352394,1.0
0.16872627589352393,1.0
0.16882627589352392,1.0
0.1689262758935239,1.0
0.1690262758935239,1.0
0.1691262758935239,1.0
0.16922627589352388,1.0
0.16932627589352386,1.0
0.16942627589352385,1.0
0.16952627589352384,1.0
0.16962627589352383,1.0
0.16972627589352382,1.0
0.1698262758935238,1.0
0.1699262758935238,1.0
0.1700262758935238,1.0
0.17012627589352378,1.0
0.17022627589352377,1.0
0.17032627589352375,1.0
0.17042627589352374,1.0
0.17052627589352373,1.0
0.17062627589352372,1.0
0.1707262758935237,1.0
0.1708262758935237,1.0
0.1709262758935237,1.0
0.17102627589352368,1.0
0.17112627589352367,1.0
0.17122627589352366,1.0
0.17132627589352364,1.0
0.17142627589352363,1.0
0.17152627589352362,1.0
0.1716262758935236,1.0
0.1717262758935236,1.0
0.1718262758935236,1.0
0.17192627589352358,1.0
0.17202627589352357,1.0
0.17212627589352356,1.0
0.17222627589352354,1.0
0.17232627589352353,1.0
0.17242627589352352,1.0
0.1725262758935235,1.0
0.1726262758935235,1.0
0.1727262758935235,1.0
0.17282627589352348,1.0
0.17292627589352347,1.0
0.17302627589352346,1.0
0.17312627589352345,1.0
0.17322627589352343,1.0
0.17332627589352342,1.0
0.1734262758935234,1.0
0.1735262758935234,1.0
0.1736262758935234,1.0
0.17372627589352338,1.0
0.17382627589352337,1.0
0.17392627589352336,1.0
0.17402627589352335,1.0
0.17412627589352334,1.0
0.17422627589352332,1.0
0.1743262758935233,1.0
0.1744262758935233,1.0
0.1745262758935233,1.0
0.17462627589352328,1.0
0.17472627589352327,1.0
0.17482627589352326,1.0
0.17492627589352325,1.0
0.17502627589352324,1.0
0.17512627589352323,1.0
0.17522627589352321,1.0
0.1753262758935232,1.0
0.1754262758935232,1.0
0.17552627589352318,1.0
0.17562627589352317,1.0
0.17572627589352316,1.0
0.17582627589352315,1.0
0.17592627589352314,1.0
0.17602627589352313,1.0
0.17612627589352312,1.0
0.1762262758935231,1.0
0.1763262758935231,1.0
0.17642627589352308,1.0
0.17652627589352307,1.0
0.17662627589352306,1.0
0.17672627589352305,1.0
0.17682627589352304,1.0
0.17692627589352303,1.0
0.17702627589352302,1.0
0.177126275893523,1.0
0.177226275893523,1.0
0.17732627589352298,1.0
0.17742627589352297,1.0
0.17752627589352296,1.0
0.17762627589352295,1.0
0.17772627589352294,1.0
0.17782627589352293,1.0
0.17792627589352292,1.0
0.1780262758935229,1.0
0.1781262758935229,1.0
0.17822627589352288,1.0
0.17832627589352287,1.0
0.17842627589352286,1.0
0.17852627589352285,1.0
0.17862627589352284,1.0
0.17872627589352283,1.0
0.17882627589352282,1.0
0.1789262758935228,1.0
0.1790262758935228,1.0
0.17912627589352279,1.0
0.17922627589352277,1.0
0.17932627589352276,1.0
0.17942627589352275,1.0
0.17952627589352274,1.0
0.17962627589352273,1.0
0.17972627589352272,1.0
0.1798262758935227,1.0
0.1799262758935227,1.0
0.18002627589352269,1.0
0.18012627589352267,1.0
0.18022627589352266,1.0
0.18032627589352265,1.0
0.18042627589352264,1.0
0.18052627589352263,1.0
0.18062627589352262,1.0
0.1807262758935226,1.0
0.1808262758935226,1.0
0.1809262758935226,1.0
0.18102627589352258,1.0
0.18112627589352256,1.0
0.18122627589352255,1.0
0.18132627589352254,1.0
0.18142627589352253,1.0
0.18152627589352252,1.0
0.1816262758935225,1.0
0.1817262758935225,1.0
0.1818262758935225,1.0
0.18192627589352248,1.0
0.18202627589352247,1.0
0.18212627589352245,1.0
0.18222627589352244,1.0
0.18232627589352243,1.0
0.18242627589352242,1.0
0.1825262758935224,1.0
0.1826262758935224,1.0
0.1827262758935224,1.0
0.18282627589352238,1.0
0.18292627589352237,1.0
0.18302627589352236,1.0
0.18312627589352234,1.0
0.18322627589352233,1.0
0.18332627589352232,1.0
0.1834262758935223,1.0
0.1835262758935223,1.0
0.1836262758935223,1.0
0.18372627589352228,1.0
0.18382627589352227,1.0
0.18392627589352226,1.0
0.18402627589352225,1.0
0.18412627589352223,1.0
0.18422627589352222,1.0
0.1843262758935222,1.0
0.1844262758935222,1.0
0.1845262758935222,1.0
0.18462627589352218,1.0
0.18472627589352217,1.0
0.18482627589352216,1.0
0.18492627589352215,1.0
0.18502627589352214,1.0
0.18512627589352212,1.0
0.1852262758935221,1.0
0.1853262758935221,1.0
0.1854262758935221,1.0
0.18552627589352208,1.0
0.18562627589352207,1.0
0.18572627589352206,1.0
0.18582627589352205,1.0
0.18592627589352204,1.0
0.18602627589352203,1.0
0.18612627589352201,1.0
0.186226275893522,1.0
0.186326275893522,1.0
0.18642627589352198,1.0
0.18650706801239889,1.0
0.18660706801239887,1.0
0.18670706801239886,1.0
0.18680706801239885,1.0
0.18690706801239884,1.0
0.18700706801239883,1.0
0.18710706801239882,1.0
0.1872070680123988,1.0
0.1873070680123988,1.0
0.1874070680123988,1.0
0.18750706801239878,1.0
0.18760706801239876,1.0
0.18770706801239875,1.0
0.18780706801239874,1.0
0.18790706801239873,1.0
0.18800706801239872,1.0
0.1881070680123987,1.0
0.1882070680123987,1.0
0.1883070680123987,1.0
0.18840706801239868,1.0
0.18848619509096895,1.0
0.18858619509096894,1.0
0.18868619509096893,1.0
0.18878619509096892,1.0
0.1888861950909689,1.0
0.1889861950909689,1.0
0.18908619509096888,1.0
0.18918619509096887,1.0
0.18928619509096886,1.0
0.18938619509096885,1.0
0.18948619509096884,1.0
0.18958619509096883,1.0
0.18968619509096882,1.0
0.1897861950909688,1.0
0.1898861950909688,1.0
0.18998619509096878,1.0
0.19008619509096877,1.0
0.19018619509096876,1.0
0.19028619509096875,1.0
0.19038619509096874,1.0
0.19048619509096873,1.0
0.19058619509096872,1.0
0.1906861950909687,1.0
0.1907861950909687,1.0
0.19088619509096869,1.0
0.19098619509096867,1.0
0.19108619509096866,1.0
0.19118619509096865,1.0
0.19128619509096864,1.0
0.19138619509096863,1.0
0.19148619509096862,1.0
0.1915861950909686,1.0
0.1916861950909686,1.0
0.1917861950909686,1.0
0.19188619509096858,1.0
0.19198619509096856,1.0
0.19208619509096855,1.0
0.19218619509096854,1.0
0.19228619509096853,1.0
0.19238619509096852,1.0
0.1924861950909685,1.0
0.1925861950909685,1.0
0.1926861950909685,1.0
0.19278619509096848,1.0
0.19288619509096847,1.0
0.19298619509096845,1.0
0.19308619509096844,1.0
0.19318619509096843,1.0
0.19328619509096842,1.0
0.1933861950909684,1.0
0.1934861950909684,1.0
0.1935861950909684,1.0
0.19368619509096838,1.0
0.19378619509096837,1.0
0.19388619509096836,1.0
0.19398619509096834,1.0
0.19408619509096833,1.0
0.19418619509096832,1.0
0.1942861950909683,1.0
0.1943861950909683,1.0
0.1944861950909683,1.0
0.19458619509096828,1.0
0.19468619509096827,1.0
0.19478619509096826,1.0
0.19488619509096825,1.0
0.19498619509096823,1.0
0.19508619509096822,1.0
0.1951861950909682,1.0
0.1952861950909682,1.0
0.1953861950909682,1.0
0.19548619509096818,1.0
0.19558619509096817,1.0
0.19568619509096816,1.0
0.19578619509096815,1.0
0.19588619509096813,1.0
0.19598619509096812,1.0
0.1960861950909681,1.0
0.1961861950909681,1.0
0.1962861950909681,1.0
0.19638619509096808,1.0
0.19648619509096807,1.0
0.19658619509096806,1.0
0.19668619509096805,1.0
0.19678619509096804,1.0
0.19688619509096802,1.0
0.196986195090968,1.0
0.197086195090968,1.0
0.197186195090968,1.0
0.19728619509096798,1.0
0.19738619509096797,1.0
0.19748619509096796,1.0
0.19758619509096795,1.0
0.19768619509096794,1.0
0.19778619509096793,1.0
0.19788619509096791,1.0
0.1979861950909679,1.0
0.1980861950909679,1.0
0.19818619509096788,1.0
0.19828619509096787,1.0
0.19838619509096786,1.0
0.19848619509096785,1.0
0.19858619509096784,1.0
0.19868619509096783,1.0
0.19878619509096782,1.0
0.1988861950909678,1.0
0.1989861950909678,1.0
0.19908619509096778,1.0
0.19918619509096777,1.0
0.19928619509096776,1.0
0.19938619509096775,1.0
0.19948619509096774,1.0
0.19958619509096773,1.0
0.19968619509096772,1.0
0.1997861950909677,1.0
0.1998861950909677,1.0
0.19998619509096768,1.0
0.20008619509096767,1.0
0.20018619509096766,1.0
0.20028619509096765,1.0
0.20038619509096764,1.0
0.20048619509096763,1.0
0.20058619509096762,1.0
0.2006861950909676,1.0
0.2007861950909676,1.0
0.20088619509096758,1.0
0.20098619509096757,1.0
0.20108619509096756,1.0
0.20118619509096755,1.0
0.20128619509096754,1.0
0.20138619509096753,1.0
0.20148619509096752,1.0
0.2015861950909675,1.0
0.2016861950909675,1.0
0.20178619509096749,1.0
0.20188619509096747,1.0
0.20198619509096746,1.0
0.20208619509096745,1.0
0.20218619509096744,1.0
0.20228619509096743,1.0
0.20238619509096742,1.0
0.2024861950909674,1.0
0.2025861950909674,1.0
0.20268619509096739,1.0
0.20278619509096737,1.0
0.20288619509096736,1.0
0.20298619509096735,1.0
0.20308619509096734,1.0
0.20318619509096733,1.0
0.20328619509096732,1.0
0.2033861950909673,1.0
0.2034861950909673,1.0
0.2035861950909673,1.0
0.20368619509096728,1.0
0.20378619509096726,1.0
0.20388619509096725,1.0
0.20398619509096724,1.0
0.20408619509096723,1.0
0.20418619509096722,1.0
0.2042861950909672,1.0
0.2043861950909672,1.0
0.2044861950909672,1.0
0.20458619509096718,1.0
0.20468619509096717,1.0
0.20478619509096715,1.0
0.20488619509096714,1.0
0.20498619509096713,1.0
0.20508619509096712,1.0
0.2051861950909671,1.0
0.2052861950909671,1.0
0.2053861950909671,1.0
0.20548619509096708,1.0
0.20558619509096707,1.0
0.20568619509096706,1.0
0.20578619509096704,1.0
0.20588619509096703,1.0
0.20598619509096702,1.0
0.206086195090967,1.0
0.206186195090967,1.0
0.206286195090967,1.0
0.20638619509096698,1.0
0.20648619509096697,1.0
0.20658619509096696,1.0
0.20668619509096695,1.0
0.20678619509096693,1.0
0.20688619509096692,1.0
0.2069861950909669,1.0
0.2070861950909669,1.0
0.2071861950909669,1.0
0.20728619509096688,1.0
0.20738619509096687,1.0
0.20748619509096686,1.0
0.20758619509096685,1.0
0.20768619509096684,1.0
0.20778619509096682,1.0
0.2078861950909668,1.0
0.2079861950909668,1.0
0.2080861950909668,1.0
0.20818619509096678,1.0
0.20828619509096677,1.0
0.20838619509096676,1.0
0.20848619509096675,1.0
0.20858619509096674,1.0
0.20868619509096673,1.0
0.20878619509096671,1.0
0.2088861950909667,1.0
0.2089861950909667,1.0
0.20908619509096668,1.0
0.20918619509096667,1.0
0.20928619509096666,1.0
0.20938619509096665,1.0
0.20948619509096664,1.0
0.20958619509096663,1.0
0.20968619509096662,1.0
0.2097861950909666,1.0
0.2098861950909666,1.0
0.20998619509096658,1.0
0.21008619509096657,1.0
0.21018619509096656,1.0
0.21028619509096655,1.0
0.21038619509096654,1.0
0.21048619509096653,1.0
0.21058619509096652,1.0
0.2106861950909665,1.0
0.2107861950909665,1.0
0.21088619509096648,1.0
0.21098619509096647,1.0
0.21108619509096646,1.0
0.21118619509096645,1.0
0.21128619509096644,1.0
0.21138619509096643,1.0
0.21148619509096642,1.0
0.2115861950909664,1.0
0.2116861950909664,1.0
0.21178619509096638,1.0
0.21188619509096637,1.0
0.21198619509096636,1.0
0.21208619509096635,1.0
0.21218619509096634,1.0
0.21228619509096633,1.0
0.21238619509096632,1.0
0.2124861950909663,1.0
0.2125861950909663,1.0
0.21268619509096628,1.0
0.21278619509096627,1.0
0.21288619509096626,1.0
0.21298619509096625,1.0
0.21308619509096624,1.0
0.21318619509096623,1.0
0.21328619509096622,1.0
0.2133861950909662,1.0
0.21346716236375665,1.0
0.21356716236375664,1.0
0.21366716236375663,1.0
0.21376716236375662,1.0
0.2138671623637566,1.0
0.2139671623637566,1.0
0.21406716236375659,1.0
0.21416716236375657,1.0
0.21426716236375656,1.0
0.21436716236375655,1.0
0.21446716236375654,1.0
0.21456716236375653,1.0
0.21466716236375652,1.0
0.2147671623637565,1.0
0.2148671623637565,1.0
0.2149671623637565,1.0
0.21506716236375648,1.0
0.21516716236375646,1.0
0.21526716236375645,1.0
0.21536716236375644,1.0
0.21546716236375643,1.0
0.21556716236375642,1.0
0.2156671623637564,1.0
0.2157671623637564,1.0
0.2158671623637564,1.0
0.21596716236375638,1.0
0.21606716236375637,1.0
0.21616716236375635,1.0
0.21626716236375634,1.0
0.21636716236375633,1.0
0.21646716236375632,1.0
0.2165671623637563,1.0
0.2166671623637563,1.0
0.2167671623637563,1.0
0.21686716236375628,1.0
0.21696716236375627,1.0
0.21706716236375626,1.0
0.21716716236375624,1.0
0.21726716236375623,1.0
0.21736716236375622,1.0
0.2174671623637562,1.0
0.2175671623637562,1.0
0.2176671623637562,1.0
0.21776716236375618,1.0
0.21786716236375617,1.0
0.21796716236375616,1.0
0.21806716236375615,1.0
0.21816716236375613,1.0
0.21826716236375612,1.0
0.2183671623637561,1.0
0.2184671623637561,1.0
0.2185671623637561,1.0
0.21866716236375608,1.0
0.21876716236375607,1.0
0.21886716236375606,1.0
0.21896716236375605,1.0
0.21906716236375604,1.0
0.21916716236375602,1.0
0.219267162363756,1.0
0.219367162363756,1.0
0.219467162363756,1.0
0.21956716236375598,1.0
0.21966716236375597,1.0
0.21976716236375596,1.0
0.21986716236375595,1.0
0.21996716236375594,1.0
0.22006716236375592,1.0
0.2201671623637559,1.0
0.2202671623637559,1.0
0.2203671623637559,1.0
0.22046716236375588,1.0
0.22056716236375587,1.0
0.22066716236375586,1.0
0.22076716236375585,1.0
0.22086716236375584,1.0
0.22096716236375583,1.0
0.22106716236375581,1.0
0.2211671623637558,1.0
0.2212671623637558,1.0
0.22136716236375578,1.0
0.22146716236375577,1.0
0.22156716236375576,1.0
0.22166716236375575,1.0
0.22176716236375574,1.0
0.22186716236375573,1.0
0.22196716236375572,1.0
0.2220671623637557,1.0
0.2221671623637557,1.0
0.22226716236375568,1.0
0.22236716236375567,1.0
0.22246716236375566,1.0
0.22256716236375565,1.0
0.22266716236375564,1.0
0.22276716236375563,1.0
0.22286716236375562,1.0
0.2229671623637556,1.0
0.2230671623637556,1.0
0.22316716236375558,1.0
0.22326716236375557,1.0
0.22336716236375556,1.0
0.22346716236375555,1.0
0.22356716236375554,1.0
0.22366716236375553,1.0
0.22376716236375552,1.0
0.2238671623637555,1.0
0.2239671623637555,1.0
0.22406716236375548,1.0
0.22416716236375547,1.0
0.22426716236375546,1.0
0.22436716236375545,1.0
0.22446716236375544,1.0
0.22456716236375543,1.0
0.22466716236375542,1.0
0.2247671623637554,1.0
0.2248671623637554,1.0
0.22496716236375539,1.0
0.22506716236375537,1.0
0.22516716236375536,1.0
0.22526716236375535,1.0
0.22536716236375534,1.0
0.22546716236375533,1.0
0.22556716236375532,1.0
0.2256671623637553,1.0
0.2257671623637553,1.0
0.22586716236375529,1.0
0.22596716236375528,1.0
0.22606716236375526,1.0
0.22616716236375525,1.0
0.22626716236375524,1.0
0.22634735096516398,1.0
0.22644735096516397,1.0
0.22654735096516396,1.0
0.22664735096516395,1.0
0.22674735096516394,1.0
0.22684735096516392,1.0
0.2269473509651639,1.0
0.2270473509651639,1.0
0.2271473509651639,1.0
0.22724735096516388,1.0
0.22734735096516387,1.0
0.22744735096516386,1.0
0.22754735096516385,1.0
0.22764735096516384,1.0
0.22774735096516383,1.0
0.22784735096516381,1.0
0.2279473509651638,1.0
0.2280473509651638,1.0
0.22814735096516378,1.0
0.22824735096516377,1.0
0.22834735096516376,1.0
0.22844735096516375,1.0
0.22854735096516374,1.0
0.22864735096516373,1.0
0.22874735096516371,1.0
0.2288473509651637,1.0
0.2289473509651637,1.0
0.22904735096516368,1.0
0.22914735096516367,1.0
0.22924735096516366,1.0
0.22934735096516365,1.0
0.22944735096516364,1.0
0.22954735096516363,1.0
0.22964735096516362,1.0
0.2297473509651636,1.0
0.2298473509651636,1.0
0.22994735096516358,1.0
0.23004735096516357,1.0
0.23014735096516356,1.0
0.23024735096516355,1.0
0.23034735096516354,1.0
0.23044735096516353,1.0
0.23054735096516352,1.0
0.2306473509651635,1.0
0.2307473509651635,1.0
0.23084735096516348,1.0
0.23094735096516347,1.0
0.23104735096516346,1.0
0.23114735096516345,1.0
0.23124735096516344,1.0
0.23134735096516343,1.0
0.23144735096516342,1.0
0.2315473509651634,1.0
0.2316473509651634,1.0
0.23174735096516338,1.0
0.23184735096516337,1.0
0.23194735096516336,1.0
0.23204735096516335,1.0
0.23214735096516334,1.0
0.23224735096516333,1.0
0.23234735096516332,1.0
0.2324473509651633,1.0
0.2325473509651633,1.0
0.23264735096516329,1.0
0.23274735096516327,1.0
0.23284735096516326,1.0
0.23294735096516325,1.0
0.23304735096516324,1.0
0.23314735096516323,1.0
0.23324735096516322,1.0
0.2333473509651632,1.0
0.2334473509651632,1.0
0.2335473509651632,1.0
0.23364735096516318,1.0
0.23374735096516316,1.0
0.23384735096516315,1.0
0.23394735096516314,1.0
0.23404735096516313,1.0
0.23414735096516312,1.0
0.2342473509651631,1.0
0.2343473509651631,1.0
0.2344473509651631,1.0
0.23454735096516308,1.0
0.23464735096516307,1.0
0.23474735096516305,1.0
0.23484735096516304,1.0
0.23494735096516303,1.0
0.23504735096516302,1.0
0.235147350965163,1.0
0.235247350965163,1.0
0.235347350965163,1.0
0.23544735096516298,1.0
0.23554735096516297,1.0
0.23564735096516295,1.0
0.23574735096516294,1.0
0.23584735096516293,1.0
0.23594735096516292,1.0
0.2360473509651629,1.0
0.2361473509651629,1.0
0.2362473509651629,1.0
0.23634735096516288,1.0
0.23644735096516287,1.0
0.23654735096516286,1.0
0.23664735096516284,1.0
0.23674735096516283,1.0
0.23684735096516282,1.0
0.2369473509651628,1.0
0.2370473509651628,1.0
0.2371473509651628,1.0
0.23724735096516278,1.0
0.23734735096516277,1.0
0.23744735096516276,1.0
0.23754735096516275,1.0
0.23764735096516273,1.0
0.23774735096516272,1.0
0.2378473509651627,1.0
0.2379473509651627,1.0
0.2380473509651627,1.0
0.23814735096516268,1.0
0.23824735096516267,1.0
0.23834735096516266,1.0
0.23844735096516265,1.0
0.23854735096516264,1.0
0.23864735096516262,1.0
0.2387473509651626,1.0
0.2388473509651626,1.0
0.2389473509651626,1.0
0.23904735096516258,1.0
0.23914735096516257,1.0
0.23924735096516256,1.0
0.23934735096516255,1.0
0.23944735096516254,1.0
0.23954735096516253,1.0
0.23964735096516251,1.0
0.2397473509651625,1.0
0.2398473509651625,1.0
0.23994735096516248,1.0
0.24004735096516247,1.0
0.24014735096516246,1.0
0.24024735096516245,1.0
0.24034735096516244,1.0
0.24044735096516243,1.0
0.24054735096516242,1.0
0.2406473509651624,1.0
0.2407473509651624,1.0
0.24084735096516238,1.0
0.24094735096516237,1.0
0.24104735096516236,1.0
0.24114735096516235,1.0
0.24124735096516234,1.0
0.24134735096516233,1.0
0.24144735096516232,1.0
0.2415473509651623,1.0
0.2416473509651623,1.0
0.24174735096516228,1.0
0.24184735096516227,1.0
0.24194735096516226,1.0
0.24204735096516225,1.0
0.24214735096516224,1.0
0.24224735096516223,1.0
0.24234735096516222,1.0
0.2424473509651622,1.0
0.2425473509651622,1.0
0.24264735096516218,1.0
0.24274735096516217,1.0
0.24284735096516216,1.0
0.24294735096516215,1.0
0.24304735096516214,1.0
0.24314735096516213,1.0
0.24324735096516212,1.0
0.2433473509651621,1.0
0.2434473509651621,1.0
0.24354735096516208,1.0
0.24364735096516207,1.0
0.24374735096516206,1.0
0.24384735096516205,1.0
0.24394735096516204,1.0
0.24404735096516203,1.0
0.24414735096516202,1.0
0.244247350965162,1.0
0.244347350965162,1.0
0.24444735096516199,1.0
0.24454735096516197,1.0
0.24464735096516196,1.0
0.24474735096516195,1.0
0.24484735096516194,1.0
0.24494735096516193,1.0
0.24504735096516192,1.0
0.2451473509651619,1.0
0.2452473509651619,1.0
0.2453473509651619,1.0
0.24544735096516188,1.0
0.24554735096516186,1.0
0.24564735096516185,1.0
0.24574735096516184,1.0
0.24584735096516183,1.0
0.24594735096516182,1.0
0.2460473509651618,1.0
0.2461473509651618,1.0
0.2462473509651618,1.0
0.24634735096516178,1.0
0.24644735096516177,1.0
0.24654735096516175,1.0
0.24664735096516174,1.0
0.24674735096516173,1.0
0.24684735096516172,1.0
0.2469473509651617,1.0
0.2470473509651617,1.0
0.2471473509651617,1.0
0.24724735096516168,1.0
0.24734735096516167,1.0
0.24744735096516166,1.0
0.24754735096516164,1.0
0.24764735096516163,1.0
0.24774735096516162,1.0
0.2478473509651616,1.0
0.2479473509651616,1.0
0.2480473509651616,1.0
0.24814735096516158,1.0
0.24824735096516157,1.0
0.24834735096516156,1.0
0.24844735096516155,1.0
0.24854735096516153,1.0
0.24864735096516152,1.0
0.2487473509651615,1.0
0.2488473509651615,1.0
0.2489473509651615,1.0
0.24904735096516148,1.0
0.24914735096516147,1.0
0.24924735096516146,1.0
0.24934735096516145,1.0
0.24944735096516144,1.0
0.24954735096516142,1.0
0.2496473509651614,1.0
0.2497473509651614,1.0
0.2498473509651614,1.0
0.24994735096516138,1.0
0.25,1.0
0.25001961006793355,1.0000000023835685
0.25002953055553917,1.0000000053440778
0.25004530359328775,1.0000000123559758
0.2500610766310363,1.0000000220705356
0.25008075328612295,1.0000000377750176
0.2501042228720411,1.0000000614062299
0.2501341226184891,1.000000098706227
0.25017270984848966,1.0000001578308788
0.2502191654592086,1.0000002440504643
0.250274887379856,1.000000367334865
0.2503401642747643,1.0000005373592928
0.250417003728925,1.00000077113151
0.25050666858051696,1.0000010887804756
0.25060666858051694,1.0000014996768263
0.25070666858051693,1.0000019699286813
0.2508066685805169,1.000002498094884
0.2509066685805169,1.000003081204951
0.2510066685805169,1.0000037149022538
0.2511066685805169,1.000004393934392
0.2512066685805169,1.0000051127569083
0.25130666858051687,1.0000058660739564
0.25140666858051686,1.000006649212925
0.25150666858051685,1.0000074583005283
0.25160666858051683,1.0000082902621534
0.2517066685805168,1.0000091426981066
0.2518066685805168,1.0000100137001866
0.2519066685805168,1.0000109016647278
0.2520066685805168,1.0000118051409757
0.2521066685805168,1.0000127227334374
0.25220666858051677,1.0000136530590764
0.25230666858051676,1.0000145947480468
0.25240666858051675,1.0000155464709488
0.25250666858051674,1.0000165069754914
0.2526066685805167,1.0000174751191606
0.2527066685805167,1.0000184498899263
0.2528066685805167,1.0000194304124144
0.2529066685805167,1.0000204159411537
0.2530066685805167,1.0000214058449144
0.25310666858051667,1.0000223995869018
0.25320666858051666,1.0000233967049865
0.25330666858051665,1.0000243967948546
0.25340666858051664,1.000025399497454
0.2535066685805166,1.0000264044908105
0.2536066685805166,1.0000274114854073
0.2537066685805166,1.0000284202219072
0.2538066685805166,1.000029430470003
0.2539066685805166,1.0000304420274337
0.25400666858051657,1.000031454718585
0.25410666858051656,1.0000324683924713
0.25420666858051655,1.0000334829201663
0.25430666858051654,1.000034498191921
0.2544066685805165,1.0000355141142554
0.2545066685805165,1.0000365306072638
0.2546066685805165,1.0000375476022965
0.2547066685805165,1.0000385650400805
0.2548066685805165,1.0000395828692623
0.25490666858051647,1.0000406010452956
0.25500666858051646,1.0000416195295876
0.25510666858051645,1.0000426382888066
0.25520666858051644,1.000043657294285
0.2553066685805164,1.0000446765214686
0.2554066685805164,1.0000456959493924
0.2555066685805164,1.000046715560184
0.2556066685805164,1.0000477353385948
0.2557066685805164,1.0000487552715789
0.25580666858051637,1.0000497753479223
0.25590666858051636,1.0000507955579274
0.25600666858051635,1.0000518158931557
0.25610666858051634,1.0000528363462162
0.25620666858051633,1.0000538569105963
0.2563066685805163,1.0000548775805242
0.2564066685805163,1.000055898350857
0.2565066685805163,1.0000569192169824
0.2566066685805163,1.000057940174739
0.2567066685805163,1.000058961220342
0.25680666858051626,1.000059982350322
0.25690666858051625,1.0000610035614685
0.25700666858051624,1.0000620248507852
0.25710666858051623,1.0000630462154507
0.2572066685805162,1.0000640676527865
0.2573066685805162,1.000065089160232
0.2574066685805162,1.0000661107353235
0.2575066685805162,1.00006713237568
0.2576066685805162,1.0000681540789895
0.25770666858051616,1.000069175843
0.25780666858051615,1.000070197665511
0.25790666858051614,1.0000712195443677
0.25800666858051613,1.000072241477456
0.2581066685805161,1.0000732634626994
0.2582066685805161,1.0000742854980538
0.2583066685805161,1.0000753075815065
0.2584066685805161,1.0000763297110742
0.2585066685805161,1.000077351884801
0.25860666858051606,1.0000783741007582
0.25870666858051605,1.0000793963570433
0.25880666858051604,1.00008041865178
0.25890666858051603,1.0000814409831171
0.259006668580516,1.0000824633492291
0.259106668580516,1.0000834857483165
0.259206668580516,1.0000845081786045
0.259306668580516,1.0000855306383443
0.259406668580516,1.0000865531258123
0.25950666858051596,1.0000875756393095
0.25960666858051595,1.0000885981771628
0.25970666858051594,1.000089620737723
0.25980666858051593,1.0000906433193664
0.2599066685805159,1.000091665920494
0.2600066685805159,1.0000926885395305
0.2601066685805159,1.0000937111749255
0.2602066685805159,1.0000947338251518
0.2603066685805159,1.0000957564887063
0.26040666858051587,1.0000967791641082
0.26050666858051585,1.000097801849901
0.26060666858051584,1.0000988245446492
0.26070666858051583,1.0000998472469405
0.2608066685805158,1.0001008699553837
0.2609066685805158,1.0001018926686096
0.2610066685805158,1.0001029153852692
0.2611066685805158,1.0001039381040346
0.2612066685805158,1.000104960823598
0.26130666858051577,1.0001059835426704
0.26140666858051576,1.0001070062599837
0.26150666858051574,1.0001080289742874
0.26160666858051573,1.0001090516843496
0.2617066685805157,1.0001100743889575
0.2618066685805157,1.000111097086915
0.2619066685805157,1.0001121197770433
0.2620066685805157,1.000113142458181
0.2621066685805157,1.000114165129184
0.26220666858051567,1.000115187788923
0.26230666858051566,1.0001162104362848
0.26240666858051565,1.0001172330701729
0.26250666858051563,1.0001182556895047
0.2626066685805156,1.0001192782932138
0.2627066685805156,1.000120300880247
0.2628066685805156,1.0001213234495667
0.2629066685805156,1.0001223460001485
0.2630066685805156,1.000123368530982
0.26310666858051557,1.00012439104107
0.26320666858051556,1.0001254135294289
0.26330666858051555,1.0001264359950879
0.26340666858051554,1.0001274584370892
0.2635066685805155,1.0001284808544868
0.2636066685805155,1.0001295032463478
0.2637066685805155,1.0001305256117508
0.2638066685805155,1.0001315479497865
0.2639066685805155,1.0001325702595574
0.26400666858051547,1.000133592540177
0.26410666858051546,1.0001346147907706
0.26420666858051545,1.0001356370104744
0.26430666858051544,1.0001366591984358
0.2644066685805154,1.0001376813538123
0.2645066685805154,1.000138703475773
0.2646066685805154,1.0001397255634965
0.2647066685805154,1.000140747616173
0.2648066685805154,1.0001417696330017
0.26490666858051537,1.0001427916131926
0.26500666858051536,1.0001438135559653
0.26510666858051535,1.0001448354605496
0.26520666858051534,1.0001458573261843
0.2653066685805153,1.0001468791521189
0.2654066685805153,1.000147900937611
0.2655066685805153,1.000148922681929
0.2656066685805153,1.0001499443843496
0.2657066685805153,1.0001509660441597
0.26580666858051527,1.000151987660654
0.26590666858051526,1.0001530092331372
0.26600666858051525,1.0001540307609225
0.26610666858051524,1.0001550522433325
0.2662066685805152,1.0001560736796975
0.2663066685805152,1.0001570950693575
0.2664066685805152,1.0001581164116606
0.2665066685805152,1.0001591377059635
0.2666066685805152,1.0001601589516318
0.26670666858051517,1.0001611801480388
0.26680666858051516,1.0001622012945668
0.26690666858051515,1.0001632223906056
0.26700666858051514,1.0001642434355542
0.2671066685805151,1.0001652644288193
0.2672066685805151,1.000166285369815
0.2673066685805151,1.0001673062579648
0.2674066685805151,1.0001683270926993
0.2675066685805151,1.000169347873457
0.2676066685805151,1.0001703685996843
0.26770666858051506,1.0001713892708364
0.26780666858051505,1.0001724098863753
0.26790666858051504,1.0001734304457708
0.26800666858051503,1.0001744509485007
0.268106668580515,1.0001754713940503
0.268206668580515,1.0001764917819127
0.268306668580515,1.0001775121115883
0.268406668580515,1.0001785323825851
0.268506668580515,1.0001795525944193
0.26860666858051496,1.0001805727466129
0.26870666858051495,1.000181592838697
0.26880666858051494,1.0001826128702094
0.26890666858051493,1.0001836328406952
0.2690066685805149,1.000184652749707
0.2691066685805149,1.000185672596804
0.2692066685805149,1.0001866923815534
0.2693066685805149,1.0001877121035296
0.2694066685805149,1.000188731762314
0.26950666858051486,1.0001897513574949
0.26960666858051485,1.0001907708886677
0.26970666858051484,1.0001917903554352
0.26980666858051483,1.000192809757407
0.2699066685805148,1.0001938290942005
0.2700066685805148,1.0001948483654388
0.2701066685805148,1.0001958675707527
0.2702066685805148,1.00019688670978
0.2703066685805148,1.0001979057821646
0.27040666858051476,1.0001989247875582
0.27050666858051475,1.0001999437256195
0.27060666858051474,1.0002009625960129
0.27070666858051473,1.0002019813984102
0.2708066685805147,1.0002030001324902
0.2709066685805147,1.0002040187979382
0.2710066685805147,1.000205037394446
0.2711066685805147,1.0002060559217123
0.2712066685805147,1.000207074379443
0.27130666858051466,1.0002080927673491
0.27140666858051465,1.00020911108515
0.27150666858051464,1.0002101293325707
0.27160666858051463,1.0002111475093427
0.2717066685805146,1.0002121656152045
0.2718066685805146,1.0002131836499009
0.2719066685805146,1.0002142016131823
0.2720066685805146,1.0002152195048069
0.2721066685805146,1.0002162373245391
0.27220666858051457,1.000217255072149
0.27230666858051455,1.0002182727474138
0.27240666858051454,1.0002192903501168
0.27250666858051453,1.0002203078800473
0.2726066685805145,1.0002213253370014
0.2727066685805145,1.0002223427207815
0.2728066685805145,1.0002233600311956
0.2729066685805145,1.0002243772680588
0.2730066685805145,1.0002253944311918
0.27310666858051447,1.000226411520422
0.27320666858051446,1.0002274285355828
0.27330666858051444,1.000228445476513
0.27340666858051443,1.0002294623430583
0.2735066685805144,1.0002304791350707
0.2736066685805144,1.0002314958524077
0.2737066685805144,1.0002325124949336
0.2738066685805144,1.000233529062518
0.2739066685805144,1.0002345455550363
0.27400666858051437,1.000235561972371
0.27410666858051436,1.0002365783144098
0.27420666858051435,1.000237594581046
0.27430666858051433,1.0002386107721797
0.2744066685805143,1.0002396268877163
0.2745066685805143,1.0002406429275672
0.2746066685805143,1.0002416588916498
0.2747066685805143,1.0002426747798872
0.2748066685805143,1.0002436905922083
0.27490666858051427,1.0002447063285478
0.275,1.0002456542610891
